Spotify URI,Voter ID,Created,Points Assigned,Comment,Round ID
spotify:track:2s1LwWGa7WYHT2y1I0BVnh,81ea7661d45940668478c76e755fd74f,2026-02-03T14:43:30Z,1,,9c3aed75f763433ca72ff76083f22dbc
spotify:track:5ZLZldF14F2TT9FCiQhmXv,81ea7661d45940668478c76e755fd74f,2026-02-03T14:43:30Z,2,,9c3aed75f763433ca72ff76083f22dbc
spotify:track:3IelG5zYpWWCZIH4cqWlPV,81ea7661d45940668478c76e755fd74f,2026-02-03T14:43:30Z,3,,9c3aed75f763433ca72ff76083f22dbc
spotify:track:3IelG5zYpWWCZIH4cqWlPV,376289a642444f0997c9e5c0d9051d0f,2026-02-03T15:26:54Z,1,,9c3aed75f763433ca72ff76083f22dbc
spotify:track:7pugmRsHRy1fnug9NqH5cA,376289a642444f0997c9e5c0d9051d0f,2026-02-03T15:26:54Z,1,,9c3aed75f763433ca72ff76083f22dbc
spotify:track:6tlwBHBN7ApTmkchJDxqOd,376289a642444f0997c9e5c0d9051d0f,2026-02-03T15:26:54Z,1,,9c3aed75f763433ca72ff76083f22dbc
spotify:track:5hgpmgIWjfnI6CuwSNklBl,376289a642444f0997c9e5c0d9051d0f,2026-02-03T15:26:54Z,1,,9c3aed75f763433ca72ff76083f22dbc
spotify:track:4hp4cs1fKConq0Cmr4luW9,376289a642444f0997c9e5c0d9051d0f,2026-02-03T15:26:54Z,1,,9c3aed75f763433ca72ff76083f22dbc
spotify:track:1YkozbENeETx2a45JWrr8E,376289a642444f0997c9e5c0d9051d0f,2026-02-03T15:26:54Z,1,,9c3aed75f763433ca72ff76083f22dbc
spotify:track:4hp4cs1fKConq0Cmr4luW9,d9df39ebaa4148dcad17d8311666f155,2026-02-03T23:23:17Z,1,Loveeeee,9c3aed75f763433ca72ff76083f22dbc
spotify:track:1YkozbENeETx2a45JWrr8E,d9df39ebaa4148dcad17d8311666f155,2026-02-03T23:23:17Z,1,,9c3aed75f763433ca72ff76083f22dbc
spotify:track:6RSVgjjYRtKg4FDyx2Lj1u,d9df39ebaa4148dcad17d8311666f155,2026-02-03T23:23:17Z,1,Absolutely. ,9c3aed75f763433ca72ff76083f22dbc
spotify:track:5mHdCZtVyb4DcJw8799hZp,d9df39ebaa4148dcad17d8311666f155,2026-02-03T23:23:17Z,1,Nice. I dig it. ,9c3aed75f763433ca72ff76083f22dbc
spotify:track:3F2BvwuOOs8cddpx2chlSC,d9df39ebaa4148dcad17d8311666f155,2026-02-03T23:23:17Z,0,Someone is chaos. Very interesting choice. ,9c3aed75f763433ca72ff76083f22dbc
spotify:track:7pugmRsHRy1fnug9NqH5cA,d9df39ebaa4148dcad17d8311666f155,2026-02-03T23:23:17Z,1,,9c3aed75f763433ca72ff76083f22dbc
spotify:track:6tlwBHBN7ApTmkchJDxqOd,d9df39ebaa4148dcad17d8311666f155,2026-02-03T23:23:17Z,1,Yeah this is great. ,9c3aed75f763433ca72ff76083f22dbc
spotify:track:4hp4cs1fKConq0Cmr4luW9,c1464401e87d41beaf84bf2bf8164ce9,2026-02-03T23:33:28Z,3,,9c3aed75f763433ca72ff76083f22dbc
spotify:track:1YkozbENeETx2a45JWrr8E,c1464401e87d41beaf84bf2bf8164ce9,2026-02-03T23:33:28Z,2,,9c3aed75f763433ca72ff76083f22dbc
spotify:track:3IelG5zYpWWCZIH4cqWlPV,c1464401e87d41beaf84bf2bf8164ce9,2026-02-03T23:33:28Z,1,,9c3aed75f763433ca72ff76083f22dbc
spotify:track:5ZLZldF14F2TT9FCiQhmXv,4ad89e5b9e954a30b70342f39fb86a85,2026-02-03T23:58:23Z,1,it was really close for my number 3 between this and 2 others but sided with this one. ,9c3aed75f763433ca72ff76083f22dbc
spotify:track:1YkozbENeETx2a45JWrr8E,4ad89e5b9e954a30b70342f39fb86a85,2026-02-03T23:58:23Z,0,if rise against wasnt already a band i listen to a lot this woulda gotten some points but i had to free up some points.,9c3aed75f763433ca72ff76083f22dbc
spotify:track:2oATCcD9fZwYnuQCXIbHSi,4ad89e5b9e954a30b70342f39fb86a85,2026-02-03T23:58:23Z,2,really great and new for me took my second place,9c3aed75f763433ca72ff76083f22dbc
spotify:track:6tlwBHBN7ApTmkchJDxqOd,4ad89e5b9e954a30b70342f39fb86a85,2026-02-03T23:58:23Z,0,fire. this was close to my top 3 but i had to shed a point somewhere,9c3aed75f763433ca72ff76083f22dbc
spotify:track:7pugmRsHRy1fnug9NqH5cA,4ad89e5b9e954a30b70342f39fb86a85,2026-02-03T23:58:23Z,3,damn i thought for sure i had already picked my top 3 and then this one came and stole it,9c3aed75f763433ca72ff76083f22dbc
spotify:track:1YkozbENeETx2a45JWrr8E,4bef5cf5b9314383b6c61a18935d5f4d,2026-02-04T02:11:11Z,0,I wanted to give a point for bringing this absolute banger back to my attention. But :( ,9c3aed75f763433ca72ff76083f22dbc
spotify:track:5hgpmgIWjfnI6CuwSNklBl,4bef5cf5b9314383b6c61a18935d5f4d,2026-02-04T02:11:11Z,1,Had me with the  black keys vibes,9c3aed75f763433ca72ff76083f22dbc
spotify:track:7pugmRsHRy1fnug9NqH5cA,4bef5cf5b9314383b6c61a18935d5f4d,2026-02-04T02:11:11Z,0,Almost. ,9c3aed75f763433ca72ff76083f22dbc
spotify:track:6tlwBHBN7ApTmkchJDxqOd,4bef5cf5b9314383b6c61a18935d5f4d,2026-02-04T02:11:11Z,3,This reminds me of multiple artists I like but as a power group. ,9c3aed75f763433ca72ff76083f22dbc
spotify:track:3IelG5zYpWWCZIH4cqWlPV,4bef5cf5b9314383b6c61a18935d5f4d,2026-02-04T02:11:11Z,2,This is kind of a bop. ,9c3aed75f763433ca72ff76083f22dbc
spotify:track:5ZLZldF14F2TT9FCiQhmXv,4bef5cf5b9314383b6c61a18935d5f4d,2026-02-04T02:11:11Z,0,I like this more than I care to admit. ,9c3aed75f763433ca72ff76083f22dbc
spotify:track:5ZLZldF14F2TT9FCiQhmXv,2e30f2794fbd48b09ff2e9d38ecc851d,2026-02-04T15:46:26Z,2,,9c3aed75f763433ca72ff76083f22dbc
spotify:track:7pugmRsHRy1fnug9NqH5cA,2e30f2794fbd48b09ff2e9d38ecc851d,2026-02-04T15:46:26Z,1,,9c3aed75f763433ca72ff76083f22dbc
spotify:track:2s1LwWGa7WYHT2y1I0BVnh,2e30f2794fbd48b09ff2e9d38ecc851d,2026-02-04T15:46:26Z,1,,9c3aed75f763433ca72ff76083f22dbc
spotify:track:3IelG5zYpWWCZIH4cqWlPV,2e30f2794fbd48b09ff2e9d38ecc851d,2026-02-04T15:46:26Z,2,,9c3aed75f763433ca72ff76083f22dbc
spotify:track:2oATCcD9fZwYnuQCXIbHSi,44c2f542f7c645febc86317b55d78c22,2026-02-05T04:25:03Z,2,,9c3aed75f763433ca72ff76083f22dbc
spotify:track:7pugmRsHRy1fnug9NqH5cA,44c2f542f7c645febc86317b55d78c22,2026-02-05T04:25:03Z,1,,9c3aed75f763433ca72ff76083f22dbc
spotify:track:5ZLZldF14F2TT9FCiQhmXv,44c2f542f7c645febc86317b55d78c22,2026-02-05T04:25:03Z,1,,9c3aed75f763433ca72ff76083f22dbc
spotify:track:3IelG5zYpWWCZIH4cqWlPV,44c2f542f7c645febc86317b55d78c22,2026-02-05T04:25:03Z,1,,9c3aed75f763433ca72ff76083f22dbc
spotify:track:2s1LwWGa7WYHT2y1I0BVnh,44c2f542f7c645febc86317b55d78c22,2026-02-05T04:25:03Z,1,,9c3aed75f763433ca72ff76083f22dbc
spotify:track:6lknMmJZALXxx7emwwZWLX,e9ab942d00e14f5ba05b39991eb26919,2026-02-05T14:40:58Z,3,,9c3aed75f763433ca72ff76083f22dbc
spotify:track:5mHdCZtVyb4DcJw8799hZp,e9ab942d00e14f5ba05b39991eb26919,2026-02-05T14:40:58Z,2,,9c3aed75f763433ca72ff76083f22dbc
spotify:track:4hp4cs1fKConq0Cmr4luW9,e9ab942d00e14f5ba05b39991eb26919,2026-02-05T14:40:58Z,1,,9c3aed75f763433ca72ff76083f22dbc
spotify:track:1YkozbENeETx2a45JWrr8E,8fc1dc71014e405da1c76d2fc096a6d6,2026-02-05T18:51:22Z,0,Great track but didn’t make my top in this list,9c3aed75f763433ca72ff76083f22dbc
spotify:track:2oATCcD9fZwYnuQCXIbHSi,8fc1dc71014e405da1c76d2fc096a6d6,2026-02-05T18:51:22Z,1,"Had to give this a point, straight to the liked songs list, will be exploring this band more",9c3aed75f763433ca72ff76083f22dbc
spotify:track:2s1LwWGa7WYHT2y1I0BVnh,8fc1dc71014e405da1c76d2fc096a6d6,2026-02-05T18:51:22Z,0,This was a fun track but not one of my tops,9c3aed75f763433ca72ff76083f22dbc
spotify:track:3F2BvwuOOs8cddpx2chlSC,8fc1dc71014e405da1c76d2fc096a6d6,2026-02-05T18:51:22Z,0,Nope,9c3aed75f763433ca72ff76083f22dbc
spotify:track:3IelG5zYpWWCZIH4cqWlPV,8fc1dc71014e405da1c76d2fc096a6d6,2026-02-05T18:51:22Z,0,"Almost got a point from me, strong beat for sure ",9c3aed75f763433ca72ff76083f22dbc
spotify:track:4hp4cs1fKConq0Cmr4luW9,8fc1dc71014e405da1c76d2fc096a6d6,2026-02-05T18:51:22Z,1,"Yeah take a point, I enjoyed this version quite a bit",9c3aed75f763433ca72ff76083f22dbc
spotify:track:5hgpmgIWjfnI6CuwSNklBl,8fc1dc71014e405da1c76d2fc096a6d6,2026-02-05T18:51:22Z,0,Good song but not in the top for me,9c3aed75f763433ca72ff76083f22dbc
spotify:track:5mHdCZtVyb4DcJw8799hZp,8fc1dc71014e405da1c76d2fc096a6d6,2026-02-05T18:51:22Z,1,"Yeah take a point, this was a good bop",9c3aed75f763433ca72ff76083f22dbc
spotify:track:5ZLZldF14F2TT9FCiQhmXv,8fc1dc71014e405da1c76d2fc096a6d6,2026-02-05T18:51:22Z,2,"Top track for me, not enough points to be fair this round ",9c3aed75f763433ca72ff76083f22dbc
spotify:track:6lknMmJZALXxx7emwwZWLX,8fc1dc71014e405da1c76d2fc096a6d6,2026-02-05T18:51:22Z,0,I did enjoy this track but not in the top for this list,9c3aed75f763433ca72ff76083f22dbc
spotify:track:6RSVgjjYRtKg4FDyx2Lj1u,8fc1dc71014e405da1c76d2fc096a6d6,2026-02-05T18:51:22Z,1,Yeah this deserves a point ,9c3aed75f763433ca72ff76083f22dbc
spotify:track:7pugmRsHRy1fnug9NqH5cA,8fc1dc71014e405da1c76d2fc096a6d6,2026-02-05T18:51:22Z,0,"Already on my regularly listened to list, otherwise would get a point from me",9c3aed75f763433ca72ff76083f22dbc
spotify:track:2s1LwWGa7WYHT2y1I0BVnh,f150238d20e64ce881808ef1e9bcd177,2026-02-05T19:30:19Z,0,"that's the most times I've ever heard ""fucked"" in a song",9c3aed75f763433ca72ff76083f22dbc
spotify:track:3F2BvwuOOs8cddpx2chlSC,f150238d20e64ce881808ef1e9bcd177,2026-02-05T19:30:19Z,3,"yo! we are watching this right now, and I just commented the other day ""man the music in this anime is great""",9c3aed75f763433ca72ff76083f22dbc
spotify:track:3IelG5zYpWWCZIH4cqWlPV,f150238d20e64ce881808ef1e9bcd177,2026-02-05T19:30:19Z,0,hard to believe some of them aren't teenagers,9c3aed75f763433ca72ff76083f22dbc
spotify:track:5ZLZldF14F2TT9FCiQhmXv,f150238d20e64ce881808ef1e9bcd177,2026-02-05T19:30:19Z,0,nice backtrack,9c3aed75f763433ca72ff76083f22dbc
spotify:track:6tlwBHBN7ApTmkchJDxqOd,f150238d20e64ce881808ef1e9bcd177,2026-02-05T19:30:19Z,0,agree these kidos are good,9c3aed75f763433ca72ff76083f22dbc
spotify:track:7pugmRsHRy1fnug9NqH5cA,f150238d20e64ce881808ef1e9bcd177,2026-02-05T19:30:19Z,1,,9c3aed75f763433ca72ff76083f22dbc
spotify:track:1YkozbENeETx2a45JWrr8E,f150238d20e64ce881808ef1e9bcd177,2026-02-05T19:30:19Z,2,these lyrics speak to me,9c3aed75f763433ca72ff76083f22dbc
spotify:track:7pugmRsHRy1fnug9NqH5cA,ab24c78104ff4746a452998ff54bc542,2026-02-06T11:34:38Z,3,,9c3aed75f763433ca72ff76083f22dbc
spotify:track:4hp4cs1fKConq0Cmr4luW9,ab24c78104ff4746a452998ff54bc542,2026-02-06T11:34:38Z,2,,9c3aed75f763433ca72ff76083f22dbc
spotify:track:6RSVgjjYRtKg4FDyx2Lj1u,ab24c78104ff4746a452998ff54bc542,2026-02-06T11:34:38Z,1,,9c3aed75f763433ca72ff76083f22dbc
spotify:track:3F2BvwuOOs8cddpx2chlSC,bf719d27a6cb439ca8b18ff0ed0d13be,2026-02-06T19:40:24Z,1,Yas some free form Jazz. ,9c3aed75f763433ca72ff76083f22dbc
spotify:track:1YkozbENeETx2a45JWrr8E,bf719d27a6cb439ca8b18ff0ed0d13be,2026-02-06T19:40:24Z,0,I like it. But my attention isn't grabbed. ,9c3aed75f763433ca72ff76083f22dbc
spotify:track:2oATCcD9fZwYnuQCXIbHSi,bf719d27a6cb439ca8b18ff0ed0d13be,2026-02-06T19:40:24Z,1,Metal fall out boy. Into it. ,9c3aed75f763433ca72ff76083f22dbc
spotify:track:7pugmRsHRy1fnug9NqH5cA,bf719d27a6cb439ca8b18ff0ed0d13be,2026-02-06T19:40:24Z,1,"Okay, yes. I like a lot about this. ",9c3aed75f763433ca72ff76083f22dbc
spotify:track:6tlwBHBN7ApTmkchJDxqOd,bf719d27a6cb439ca8b18ff0ed0d13be,2026-02-06T19:40:24Z,0,"Depeche Mode vibes? But more screamy? Yeah, I might check these guys out",9c3aed75f763433ca72ff76083f22dbc
spotify:track:6RSVgjjYRtKg4FDyx2Lj1u,bf719d27a6cb439ca8b18ff0ed0d13be,2026-02-06T19:40:24Z,0,Fun,9c3aed75f763433ca72ff76083f22dbc
spotify:track:6lknMmJZALXxx7emwwZWLX,bf719d27a6cb439ca8b18ff0ed0d13be,2026-02-06T19:40:24Z,0,"Memory of imagery from this music video unlocked. Ah, TRL and old MTV, I miss you.",9c3aed75f763433ca72ff76083f22dbc
spotify:track:5ZLZldF14F2TT9FCiQhmXv,bf719d27a6cb439ca8b18ff0ed0d13be,2026-02-06T19:40:24Z,0,"Got excited by jazzy intro, props for a good sample to rap over. ",9c3aed75f763433ca72ff76083f22dbc
spotify:track:5mHdCZtVyb4DcJw8799hZp,bf719d27a6cb439ca8b18ff0ed0d13be,2026-02-06T19:40:24Z,3,Ive heard this before but forgot about it. This is a great hype night out song. Might add to my karaoke rotation...,9c3aed75f763433ca72ff76083f22dbc
spotify:track:5hgpmgIWjfnI6CuwSNklBl,bf719d27a6cb439ca8b18ff0ed0d13be,2026-02-06T19:40:24Z,0,"I like this, feels like a thing id listen to, but others grabbing me more",9c3aed75f763433ca72ff76083f22dbc
spotify:track:4hp4cs1fKConq0Cmr4luW9,bf719d27a6cb439ca8b18ff0ed0d13be,2026-02-06T19:40:24Z,0,Dance-y lesbians,9c3aed75f763433ca72ff76083f22dbc
spotify:track:3IelG5zYpWWCZIH4cqWlPV,bf719d27a6cb439ca8b18ff0ed0d13be,2026-02-06T19:40:24Z,0,"Is this k-pop??? That is unexpected for this group. Wild theory: this is Katie...I bet when it's not metal its k-pop for her. 
If not, its Julie...
Now watch both those predictions be 100% wrong.",9c3aed75f763433ca72ff76083f22dbc
spotify:track:1UHS8Rf6h5Ar3CDWRd3wjF,44c2f542f7c645febc86317b55d78c22,2026-02-10T04:08:13Z,1,,02e28ab746964485a40412299fc89890
spotify:track:5gQ13Ix8QCTagOPUKPfDPn,44c2f542f7c645febc86317b55d78c22,2026-02-10T04:08:13Z,2,,02e28ab746964485a40412299fc89890
spotify:track:5UWwZ5lm5PKu6eKsHAGxOk,44c2f542f7c645febc86317b55d78c22,2026-02-10T04:08:13Z,3,Thought about using this one myself always like this song,02e28ab746964485a40412299fc89890
spotify:track:1dARoUpgYHvx33Qp8dawsZ,4ad89e5b9e954a30b70342f39fb86a85,2026-02-10T18:14:46Z,2,,02e28ab746964485a40412299fc89890
spotify:track:1UHS8Rf6h5Ar3CDWRd3wjF,4ad89e5b9e954a30b70342f39fb86a85,2026-02-10T18:14:46Z,1,,02e28ab746964485a40412299fc89890
spotify:track:5uzyZk6r158bQ6t8EvWSAA,4ad89e5b9e954a30b70342f39fb86a85,2026-02-10T18:14:46Z,3,,02e28ab746964485a40412299fc89890
spotify:track:5UWwZ5lm5PKu6eKsHAGxOk,c1464401e87d41beaf84bf2bf8164ce9,2026-02-10T21:03:45Z,3,I absolutely love this song. Take 3.,02e28ab746964485a40412299fc89890
spotify:track:5uzyZk6r158bQ6t8EvWSAA,c1464401e87d41beaf84bf2bf8164ce9,2026-02-10T21:03:45Z,1,,02e28ab746964485a40412299fc89890
spotify:track:6p5duPGjAdVYLq2kOGXYUD,c1464401e87d41beaf84bf2bf8164ce9,2026-02-10T21:03:45Z,1,,02e28ab746964485a40412299fc89890
spotify:track:7bn5nXdatftk0CHSrd7NHQ,c1464401e87d41beaf84bf2bf8164ce9,2026-02-10T21:03:45Z,1,,02e28ab746964485a40412299fc89890
spotify:track:1UHS8Rf6h5Ar3CDWRd3wjF,4bef5cf5b9314383b6c61a18935d5f4d,2026-02-11T02:33:42Z,0,Contrary to whatever anyone believe I actually LOVE Sabrina. I wanted to vote for this SO bad. ,02e28ab746964485a40412299fc89890
spotify:track:5uzyZk6r158bQ6t8EvWSAA,4bef5cf5b9314383b6c61a18935d5f4d,2026-02-11T02:33:42Z,3,This made me feel specifically targeted and I loved it. 12/10,02e28ab746964485a40412299fc89890
spotify:track:6tb7r9qcLBuguz2nG6fpBu,4bef5cf5b9314383b6c61a18935d5f4d,2026-02-11T02:33:42Z,1,"I actually vibe with Latin music HARD, wanted to vote higher because dancing in the kitchen. But. :(",02e28ab746964485a40412299fc89890
spotify:track:7bn5nXdatftk0CHSrd7NHQ,4bef5cf5b9314383b6c61a18935d5f4d,2026-02-11T02:33:42Z,2,A bop. Truly. Maybe an anthem even. ,02e28ab746964485a40412299fc89890
spotify:track:7qAfN3OAhDcwAhGe9Nq7Mi,4bef5cf5b9314383b6c61a18935d5f4d,2026-02-11T02:33:42Z,0,Ooooo almost. ,02e28ab746964485a40412299fc89890
spotify:track:25GC50HslaaruyrKjdu0lP,376289a642444f0997c9e5c0d9051d0f,2026-02-11T14:48:23Z,1,,02e28ab746964485a40412299fc89890
spotify:track:5gQ13Ix8QCTagOPUKPfDPn,376289a642444f0997c9e5c0d9051d0f,2026-02-11T14:48:23Z,2,,02e28ab746964485a40412299fc89890
spotify:track:5UWwZ5lm5PKu6eKsHAGxOk,376289a642444f0997c9e5c0d9051d0f,2026-02-11T14:48:23Z,1,,02e28ab746964485a40412299fc89890
spotify:track:5uzyZk6r158bQ6t8EvWSAA,376289a642444f0997c9e5c0d9051d0f,2026-02-11T14:48:23Z,2,,02e28ab746964485a40412299fc89890
spotify:track:2JqnpexlO9dmvjUMCaLCLJ,f150238d20e64ce881808ef1e9bcd177,2026-02-12T16:00:09Z,2,I'm a sappy guy,02e28ab746964485a40412299fc89890
spotify:track:5gQ13Ix8QCTagOPUKPfDPn,f150238d20e64ce881808ef1e9bcd177,2026-02-12T16:00:09Z,3,<3,02e28ab746964485a40412299fc89890
spotify:track:5UWwZ5lm5PKu6eKsHAGxOk,f150238d20e64ce881808ef1e9bcd177,2026-02-12T16:00:09Z,1,"read the lyrics, it's actually pretty touching :)",02e28ab746964485a40412299fc89890
spotify:track:6p5duPGjAdVYLq2kOGXYUD,f150238d20e64ce881808ef1e9bcd177,2026-02-12T16:00:09Z,0,that intense kinda love,02e28ab746964485a40412299fc89890
spotify:track:6tb7r9qcLBuguz2nG6fpBu,f150238d20e64ce881808ef1e9bcd177,2026-02-12T16:00:09Z,0,had to translate but it's cute :),02e28ab746964485a40412299fc89890
spotify:track:7bn5nXdatftk0CHSrd7NHQ,f150238d20e64ce881808ef1e9bcd177,2026-02-12T16:00:09Z,0,I like this but not as a valentine song haha,02e28ab746964485a40412299fc89890
spotify:track:7qAfN3OAhDcwAhGe9Nq7Mi,f150238d20e64ce881808ef1e9bcd177,2026-02-12T16:00:09Z,0,Been there... glad I'm not...,02e28ab746964485a40412299fc89890
spotify:track:1UHS8Rf6h5Ar3CDWRd3wjF,d9df39ebaa4148dcad17d8311666f155,2026-02-12T16:07:39Z,1,,02e28ab746964485a40412299fc89890
spotify:track:25GC50HslaaruyrKjdu0lP,d9df39ebaa4148dcad17d8311666f155,2026-02-12T16:07:39Z,1,,02e28ab746964485a40412299fc89890
spotify:track:5gQ13Ix8QCTagOPUKPfDPn,d9df39ebaa4148dcad17d8311666f155,2026-02-12T16:07:39Z,1,,02e28ab746964485a40412299fc89890
spotify:track:5UWwZ5lm5PKu6eKsHAGxOk,d9df39ebaa4148dcad17d8311666f155,2026-02-12T16:07:39Z,1,The best love song. ,02e28ab746964485a40412299fc89890
spotify:track:6p5duPGjAdVYLq2kOGXYUD,d9df39ebaa4148dcad17d8311666f155,2026-02-12T16:07:39Z,1,I like this quite a bit ,02e28ab746964485a40412299fc89890
spotify:track:7bn5nXdatftk0CHSrd7NHQ,d9df39ebaa4148dcad17d8311666f155,2026-02-12T16:07:39Z,1,,02e28ab746964485a40412299fc89890
spotify:track:1UHS8Rf6h5Ar3CDWRd3wjF,2e30f2794fbd48b09ff2e9d38ecc851d,2026-02-12T16:17:41Z,1,,02e28ab746964485a40412299fc89890
spotify:track:25GC50HslaaruyrKjdu0lP,2e30f2794fbd48b09ff2e9d38ecc851d,2026-02-12T16:17:41Z,1,,02e28ab746964485a40412299fc89890
spotify:track:6Vc5wAMmXdKIAM7WUoEb7N,2e30f2794fbd48b09ff2e9d38ecc851d,2026-02-12T16:17:41Z,2,,02e28ab746964485a40412299fc89890
spotify:track:7bn5nXdatftk0CHSrd7NHQ,2e30f2794fbd48b09ff2e9d38ecc851d,2026-02-12T16:17:41Z,2,,02e28ab746964485a40412299fc89890
spotify:track:1dARoUpgYHvx33Qp8dawsZ,8fc1dc71014e405da1c76d2fc096a6d6,2026-02-12T16:23:26Z,0,"Interesting song, I did enjoy it but not top 3 for me",02e28ab746964485a40412299fc89890
spotify:track:1UHS8Rf6h5Ar3CDWRd3wjF,8fc1dc71014e405da1c76d2fc096a6d6,2026-02-12T16:23:26Z,0,Yeah it was fun but not my normal vibe,02e28ab746964485a40412299fc89890
spotify:track:25GC50HslaaruyrKjdu0lP,8fc1dc71014e405da1c76d2fc096a6d6,2026-02-12T16:23:26Z,0,"Love this band, saw them live in Manchester, England last year with my wife",02e28ab746964485a40412299fc89890
spotify:track:2JqnpexlO9dmvjUMCaLCLJ,8fc1dc71014e405da1c76d2fc096a6d6,2026-02-12T16:23:26Z,0,Yeah I mean it’s a sweet song but not top 3 for me ,02e28ab746964485a40412299fc89890
spotify:track:5gQ13Ix8QCTagOPUKPfDPn,8fc1dc71014e405da1c76d2fc096a6d6,2026-02-12T16:23:26Z,3,"That sax, won it for me",02e28ab746964485a40412299fc89890
spotify:track:5UWwZ5lm5PKu6eKsHAGxOk,8fc1dc71014e405da1c76d2fc096a6d6,2026-02-12T16:23:26Z,0,"Classic, love this song",02e28ab746964485a40412299fc89890
spotify:track:6p5duPGjAdVYLq2kOGXYUD,8fc1dc71014e405da1c76d2fc096a6d6,2026-02-12T16:23:26Z,2,"Enjoyed this track and new to me, take my points",02e28ab746964485a40412299fc89890
spotify:track:6Vc5wAMmXdKIAM7WUoEb7N,8fc1dc71014e405da1c76d2fc096a6d6,2026-02-12T16:23:26Z,0,It’s a bit overplayed for me,02e28ab746964485a40412299fc89890
spotify:track:7qAfN3OAhDcwAhGe9Nq7Mi,8fc1dc71014e405da1c76d2fc096a6d6,2026-02-12T16:23:26Z,1,"I didn’t know about this song but I dig it, take a point",02e28ab746964485a40412299fc89890
spotify:track:2JqnpexlO9dmvjUMCaLCLJ,e9ab942d00e14f5ba05b39991eb26919,2026-02-13T02:52:24Z,2,,02e28ab746964485a40412299fc89890
spotify:track:5gQ13Ix8QCTagOPUKPfDPn,e9ab942d00e14f5ba05b39991eb26919,2026-02-13T02:52:24Z,2,,02e28ab746964485a40412299fc89890
spotify:track:5UWwZ5lm5PKu6eKsHAGxOk,e9ab942d00e14f5ba05b39991eb26919,2026-02-13T02:52:24Z,2,,02e28ab746964485a40412299fc89890
spotify:track:1UHS8Rf6h5Ar3CDWRd3wjF,ab24c78104ff4746a452998ff54bc542,2026-02-13T18:36:17Z,2,,02e28ab746964485a40412299fc89890
spotify:track:25GC50HslaaruyrKjdu0lP,ab24c78104ff4746a452998ff54bc542,2026-02-13T18:36:17Z,1,,02e28ab746964485a40412299fc89890
spotify:track:5UWwZ5lm5PKu6eKsHAGxOk,ab24c78104ff4746a452998ff54bc542,2026-02-13T18:36:17Z,3,,02e28ab746964485a40412299fc89890
spotify:track:1UHS8Rf6h5Ar3CDWRd3wjF,bf719d27a6cb439ca8b18ff0ed0d13be,2026-02-13T20:44:02Z,1,Too clever to not award,02e28ab746964485a40412299fc89890
spotify:track:2JqnpexlO9dmvjUMCaLCLJ,bf719d27a6cb439ca8b18ff0ed0d13be,2026-02-13T20:44:02Z,2,This made me smile. ,02e28ab746964485a40412299fc89890
spotify:track:5UWwZ5lm5PKu6eKsHAGxOk,bf719d27a6cb439ca8b18ff0ed0d13be,2026-02-13T20:44:02Z,1,"If this was the acoustic version it woulda gotten more points from me. One of my favesss. And acoustic amps up the romance, imo.",02e28ab746964485a40412299fc89890
spotify:track:6p5duPGjAdVYLq2kOGXYUD,bf719d27a6cb439ca8b18ff0ed0d13be,2026-02-13T20:44:02Z,0,I like it. But its like tied for 4th.,02e28ab746964485a40412299fc89890
spotify:track:7bn5nXdatftk0CHSrd7NHQ,bf719d27a6cb439ca8b18ff0ed0d13be,2026-02-13T20:44:02Z,2,,02e28ab746964485a40412299fc89890
spotify:track:1EQFOouqdKYdpbNoOHRVO2,4ad89e5b9e954a30b70342f39fb86a85,2026-02-17T14:50:16Z,2,heard this one on the radio a few times but never knew who sang it,89d6abc4a3da4684857840035df07631
spotify:track:1qsoQzhJM3eHiF6EFjajZL,4ad89e5b9e954a30b70342f39fb86a85,2026-02-17T14:50:16Z,3,ive heard this song dozens of time back in the days where Pandora was the platform  to listen to music but i never knew the dude that does it. hilarious self diss.,89d6abc4a3da4684857840035df07631
spotify:track:3TfKt8mPpdXfQTMfRjHzyz,4ad89e5b9e954a30b70342f39fb86a85,2026-02-17T14:50:16Z,1,hilarious,89d6abc4a3da4684857840035df07631
spotify:track:6AI3ezQ4o3HUoP6Dhudph3,4ad89e5b9e954a30b70342f39fb86a85,2026-02-17T14:50:16Z,0,this is prob the best diss on this list but i refuse to vote for it because ive heard it at least 100 times,89d6abc4a3da4684857840035df07631
spotify:track:7Lf7oSEVdzZqTA0kEDSlS5,4ad89e5b9e954a30b70342f39fb86a85,2026-02-17T14:50:16Z,0,mainstream artists dont get my points,89d6abc4a3da4684857840035df07631
spotify:track:1EQFOouqdKYdpbNoOHRVO2,d9df39ebaa4148dcad17d8311666f155,2026-02-17T16:38:55Z,1,,89d6abc4a3da4684857840035df07631
spotify:track:3rYw4Yf1wJEy5FQQF7WXch,d9df39ebaa4148dcad17d8311666f155,2026-02-17T16:38:55Z,1,Oh God haha,89d6abc4a3da4684857840035df07631
spotify:track:3TfKt8mPpdXfQTMfRjHzyz,d9df39ebaa4148dcad17d8311666f155,2026-02-17T16:38:55Z,1,Unique lol,89d6abc4a3da4684857840035df07631
spotify:track:4a9i7rCLfPjbS1sNamZeQN,d9df39ebaa4148dcad17d8311666f155,2026-02-17T16:38:55Z,1,Damn,89d6abc4a3da4684857840035df07631
spotify:track:6Vx6OBX04ETBaj82qH84Xv,d9df39ebaa4148dcad17d8311666f155,2026-02-17T16:38:55Z,1,True,89d6abc4a3da4684857840035df07631
spotify:track:7qjHYbDL1emBIn5Q0g0CQw,d9df39ebaa4148dcad17d8311666f155,2026-02-17T16:38:55Z,1,Dig it ,89d6abc4a3da4684857840035df07631
spotify:track:1EQFOouqdKYdpbNoOHRVO2,c1464401e87d41beaf84bf2bf8164ce9,2026-02-17T16:49:53Z,0,"Actually really like this song, but it was (over)played pretty heavily. 🤷",89d6abc4a3da4684857840035df07631
spotify:track:1qsoQzhJM3eHiF6EFjajZL,c1464401e87d41beaf84bf2bf8164ce9,2026-02-17T16:49:53Z,1,Dissing yourself... That's a point. 😂,89d6abc4a3da4684857840035df07631
spotify:track:3z01wAds4BG6Z2RIgsbsIr,c1464401e87d41beaf84bf2bf8164ce9,2026-02-17T16:49:53Z,2,You get a couple points for bringing back CPD. Love em ,89d6abc4a3da4684857840035df07631
spotify:track:6AI3ezQ4o3HUoP6Dhudph3,c1464401e87d41beaf84bf2bf8164ce9,2026-02-17T16:49:53Z,0,Love it. But again... Played A LOT after the super bowl. ,89d6abc4a3da4684857840035df07631
spotify:track:7qjHYbDL1emBIn5Q0g0CQw,c1464401e87d41beaf84bf2bf8164ce9,2026-02-17T16:49:53Z,3,"FUCK LOGAN PAUL.


take 3.",89d6abc4a3da4684857840035df07631
spotify:track:1qsoQzhJM3eHiF6EFjajZL,44c2f542f7c645febc86317b55d78c22,2026-02-18T05:26:16Z,1,,89d6abc4a3da4684857840035df07631
spotify:track:4a9i7rCLfPjbS1sNamZeQN,44c2f542f7c645febc86317b55d78c22,2026-02-18T05:26:16Z,2,,89d6abc4a3da4684857840035df07631
spotify:track:7qjHYbDL1emBIn5Q0g0CQw,44c2f542f7c645febc86317b55d78c22,2026-02-18T05:26:16Z,3,,89d6abc4a3da4684857840035df07631
spotify:track:3TfKt8mPpdXfQTMfRjHzyz,376289a642444f0997c9e5c0d9051d0f,2026-02-18T15:01:11Z,3,,89d6abc4a3da4684857840035df07631
spotify:track:5xQskDSiHQeoebxoprn3HL,376289a642444f0997c9e5c0d9051d0f,2026-02-18T15:01:11Z,1,,89d6abc4a3da4684857840035df07631
spotify:track:7qjHYbDL1emBIn5Q0g0CQw,376289a642444f0997c9e5c0d9051d0f,2026-02-18T15:01:11Z,2,,89d6abc4a3da4684857840035df07631
spotify:track:3z01wAds4BG6Z2RIgsbsIr,81ea7661d45940668478c76e755fd74f,2026-02-18T19:14:35Z,1,,89d6abc4a3da4684857840035df07631
spotify:track:6AI3ezQ4o3HUoP6Dhudph3,81ea7661d45940668478c76e755fd74f,2026-02-18T19:14:35Z,2,,89d6abc4a3da4684857840035df07631
spotify:track:7Lf7oSEVdzZqTA0kEDSlS5,81ea7661d45940668478c76e755fd74f,2026-02-18T19:14:35Z,3,,89d6abc4a3da4684857840035df07631
spotify:track:1EQFOouqdKYdpbNoOHRVO2,8fc1dc71014e405da1c76d2fc096a6d6,2026-02-18T20:08:31Z,1,,89d6abc4a3da4684857840035df07631
spotify:track:3TfKt8mPpdXfQTMfRjHzyz,8fc1dc71014e405da1c76d2fc096a6d6,2026-02-18T20:08:31Z,2,,89d6abc4a3da4684857840035df07631
spotify:track:3z01wAds4BG6Z2RIgsbsIr,8fc1dc71014e405da1c76d2fc096a6d6,2026-02-18T20:08:31Z,1,,89d6abc4a3da4684857840035df07631
spotify:track:7qjHYbDL1emBIn5Q0g0CQw,8fc1dc71014e405da1c76d2fc096a6d6,2026-02-18T20:08:31Z,2,,89d6abc4a3da4684857840035df07631
spotify:track:1qsoQzhJM3eHiF6EFjajZL,4bef5cf5b9314383b6c61a18935d5f4d,2026-02-19T02:39:57Z,0,I didn't realize we could diss ourselves and I feel as if I've missed an amazing opportunity. This did make me laugh a few times though. ,89d6abc4a3da4684857840035df07631
spotify:track:3rYw4Yf1wJEy5FQQF7WXch,4bef5cf5b9314383b6c61a18935d5f4d,2026-02-19T02:39:57Z,2,"Im with you, I certainly hope not. ",89d6abc4a3da4684857840035df07631
spotify:track:4a9i7rCLfPjbS1sNamZeQN,4bef5cf5b9314383b6c61a18935d5f4d,2026-02-19T02:39:57Z,0,I thought about this one. Love me some Sully Erna ,89d6abc4a3da4684857840035df07631
spotify:track:78XK5PDIKWiDKcgiLl1x0o,4bef5cf5b9314383b6c61a18935d5f4d,2026-02-19T02:39:57Z,1,,89d6abc4a3da4684857840035df07631
spotify:track:7qjHYbDL1emBIn5Q0g0CQw,4bef5cf5b9314383b6c61a18935d5f4d,2026-02-19T02:39:57Z,3,This was lyrically very clever and reminded me of Eminem in the most complementary way. But the flow is also veryyy good. ,89d6abc4a3da4684857840035df07631
spotify:track:4a9i7rCLfPjbS1sNamZeQN,2e30f2794fbd48b09ff2e9d38ecc851d,2026-02-19T23:39:54Z,1,,89d6abc4a3da4684857840035df07631
spotify:track:5xQskDSiHQeoebxoprn3HL,2e30f2794fbd48b09ff2e9d38ecc851d,2026-02-19T23:39:54Z,1,,89d6abc4a3da4684857840035df07631
spotify:track:6Vx6OBX04ETBaj82qH84Xv,2e30f2794fbd48b09ff2e9d38ecc851d,2026-02-19T23:39:54Z,1,,89d6abc4a3da4684857840035df07631
spotify:track:78XK5PDIKWiDKcgiLl1x0o,2e30f2794fbd48b09ff2e9d38ecc851d,2026-02-19T23:39:54Z,2,,89d6abc4a3da4684857840035df07631
spotify:track:7qjHYbDL1emBIn5Q0g0CQw,2e30f2794fbd48b09ff2e9d38ecc851d,2026-02-19T23:39:54Z,1,,89d6abc4a3da4684857840035df07631
spotify:track:1qsoQzhJM3eHiF6EFjajZL,f150238d20e64ce881808ef1e9bcd177,2026-02-20T14:32:16Z,0,too close to home!,89d6abc4a3da4684857840035df07631
spotify:track:3TfKt8mPpdXfQTMfRjHzyz,f150238d20e64ce881808ef1e9bcd177,2026-02-20T14:32:16Z,3,I want more American history in this format,89d6abc4a3da4684857840035df07631
spotify:track:5xQskDSiHQeoebxoprn3HL,f150238d20e64ce881808ef1e9bcd177,2026-02-20T14:32:16Z,0,this kinda fire tho,89d6abc4a3da4684857840035df07631
spotify:track:6AI3ezQ4o3HUoP6Dhudph3,f150238d20e64ce881808ef1e9bcd177,2026-02-20T14:32:16Z,0,so good but we all know this :),89d6abc4a3da4684857840035df07631
spotify:track:78XK5PDIKWiDKcgiLl1x0o,f150238d20e64ce881808ef1e9bcd177,2026-02-20T14:32:16Z,1,he went hard on him,89d6abc4a3da4684857840035df07631
spotify:track:7qjHYbDL1emBIn5Q0g0CQw,f150238d20e64ce881808ef1e9bcd177,2026-02-20T14:32:16Z,2,too good,89d6abc4a3da4684857840035df07631
spotify:track:1EQFOouqdKYdpbNoOHRVO2,bf719d27a6cb439ca8b18ff0ed0d13be,2026-02-20T18:44:08Z,1,I jam to this,89d6abc4a3da4684857840035df07631
spotify:track:1qsoQzhJM3eHiF6EFjajZL,bf719d27a6cb439ca8b18ff0ed0d13be,2026-02-20T18:44:08Z,0,Wicked self burn,89d6abc4a3da4684857840035df07631
spotify:track:3rYw4Yf1wJEy5FQQF7WXch,bf719d27a6cb439ca8b18ff0ed0d13be,2026-02-20T18:44:08Z,0,Will get back to you on strawberry sauce opinion when I examine lyrics more closely. ,89d6abc4a3da4684857840035df07631
spotify:track:3z01wAds4BG6Z2RIgsbsIr,bf719d27a6cb439ca8b18ff0ed0d13be,2026-02-20T18:44:08Z,1,"Ive not heard this. Feels timely, enjoy the cleverness of it. ",89d6abc4a3da4684857840035df07631
spotify:track:4a9i7rCLfPjbS1sNamZeQN,bf719d27a6cb439ca8b18ff0ed0d13be,2026-02-20T18:44:08Z,0,I like this...but there's a lot thats good here. ,89d6abc4a3da4684857840035df07631
spotify:track:5xQskDSiHQeoebxoprn3HL,bf719d27a6cb439ca8b18ff0ed0d13be,2026-02-20T18:44:08Z,0,"Favorite addition to this cover: the kids going ""eww""",89d6abc4a3da4684857840035df07631
spotify:track:6AI3ezQ4o3HUoP6Dhudph3,bf719d27a6cb439ca8b18ff0ed0d13be,2026-02-20T18:44:08Z,1,I mean.. a minooorrrr is iconic,89d6abc4a3da4684857840035df07631
spotify:track:6Vx6OBX04ETBaj82qH84Xv,bf719d27a6cb439ca8b18ff0ed0d13be,2026-02-20T18:44:08Z,0,"I like this and also, fuck Courtney Love, respectfully.",89d6abc4a3da4684857840035df07631
spotify:track:78XK5PDIKWiDKcgiLl1x0o,bf719d27a6cb439ca8b18ff0ed0d13be,2026-02-20T18:44:08Z,0,Enjoying the your mom disses but elevated,89d6abc4a3da4684857840035df07631
spotify:track:7Lf7oSEVdzZqTA0kEDSlS5,bf719d27a6cb439ca8b18ff0ed0d13be,2026-02-20T18:44:08Z,3,Hahaha. Nice. ,89d6abc4a3da4684857840035df07631
spotify:track:7qjHYbDL1emBIn5Q0g0CQw,bf719d27a6cb439ca8b18ff0ed0d13be,2026-02-20T18:44:08Z,0,"Fuck Logan Paul, respectfully",89d6abc4a3da4684857840035df07631
spotify:track:3rYw4Yf1wJEy5FQQF7WXch,e9ab942d00e14f5ba05b39991eb26919,2026-02-20T19:15:14Z,1,,89d6abc4a3da4684857840035df07631
spotify:track:3z01wAds4BG6Z2RIgsbsIr,e9ab942d00e14f5ba05b39991eb26919,2026-02-20T19:15:14Z,1,,89d6abc4a3da4684857840035df07631
spotify:track:5xQskDSiHQeoebxoprn3HL,e9ab942d00e14f5ba05b39991eb26919,2026-02-20T19:15:14Z,1,,89d6abc4a3da4684857840035df07631
spotify:track:7Lf7oSEVdzZqTA0kEDSlS5,e9ab942d00e14f5ba05b39991eb26919,2026-02-20T19:15:14Z,1,,89d6abc4a3da4684857840035df07631
spotify:track:7qjHYbDL1emBIn5Q0g0CQw,e9ab942d00e14f5ba05b39991eb26919,2026-02-20T19:15:14Z,2,,89d6abc4a3da4684857840035df07631
spotify:track:04KTF78FFg8sOHC1BADqbY,d9df39ebaa4148dcad17d8311666f155,2026-02-23T22:56:54Z,1,Hell yea,2d5b1f20bfb0469293a4d302abd43747
spotify:track:5rb9QrpfcKFHM1EUbSIurX,d9df39ebaa4148dcad17d8311666f155,2026-02-23T22:56:54Z,1,,2d5b1f20bfb0469293a4d302abd43747
spotify:track:3YKptz29AsOlm7WAVnztBh,d9df39ebaa4148dcad17d8311666f155,2026-02-23T22:56:54Z,1,This was one of my first choices hahaha,2d5b1f20bfb0469293a4d302abd43747
spotify:track:2hniyiR5o5mLiowBACVoiC,d9df39ebaa4148dcad17d8311666f155,2026-02-23T22:56:54Z,1,Wow this is pretty good ,2d5b1f20bfb0469293a4d302abd43747
spotify:track:0YEC3pNS0uIKvZb5u4lgsu,d9df39ebaa4148dcad17d8311666f155,2026-02-23T22:56:54Z,1,,2d5b1f20bfb0469293a4d302abd43747
spotify:track:0k2GOhqsrxDTAbFFSdNJjT,d9df39ebaa4148dcad17d8311666f155,2026-02-23T22:56:54Z,0,My clubbing days,2d5b1f20bfb0469293a4d302abd43747
spotify:track:07Tx168RSsUS1HqkDIOZbH,d9df39ebaa4148dcad17d8311666f155,2026-02-23T22:56:54Z,1,I danced to this in my 20s lol,2d5b1f20bfb0469293a4d302abd43747
spotify:track:07Tx168RSsUS1HqkDIOZbH,44c2f542f7c645febc86317b55d78c22,2026-02-24T00:51:37Z,1,,2d5b1f20bfb0469293a4d302abd43747
spotify:track:6JymsaWDHk2Yj4e0yNBIFH,44c2f542f7c645febc86317b55d78c22,2026-02-24T00:51:37Z,2,,2d5b1f20bfb0469293a4d302abd43747
spotify:track:5rb9QrpfcKFHM1EUbSIurX,44c2f542f7c645febc86317b55d78c22,2026-02-24T00:51:37Z,1,,2d5b1f20bfb0469293a4d302abd43747
spotify:track:0YEC3pNS0uIKvZb5u4lgsu,44c2f542f7c645febc86317b55d78c22,2026-02-24T00:51:37Z,1,,2d5b1f20bfb0469293a4d302abd43747
spotify:track:04KTF78FFg8sOHC1BADqbY,44c2f542f7c645febc86317b55d78c22,2026-02-24T00:51:37Z,1,,2d5b1f20bfb0469293a4d302abd43747
spotify:track:0k2GOhqsrxDTAbFFSdNJjT,2e30f2794fbd48b09ff2e9d38ecc851d,2026-02-24T02:14:32Z,1,,2d5b1f20bfb0469293a4d302abd43747
spotify:track:04KTF78FFg8sOHC1BADqbY,2e30f2794fbd48b09ff2e9d38ecc851d,2026-02-24T02:14:32Z,1,,2d5b1f20bfb0469293a4d302abd43747
spotify:track:02GwPAncasVL82yC7y2hmN,2e30f2794fbd48b09ff2e9d38ecc851d,2026-02-24T02:14:32Z,1,,2d5b1f20bfb0469293a4d302abd43747
spotify:track:013AWvizllIUEC2FOBzOnh,2e30f2794fbd48b09ff2e9d38ecc851d,2026-02-24T02:14:32Z,1,,2d5b1f20bfb0469293a4d302abd43747
spotify:track:6JymsaWDHk2Yj4e0yNBIFH,2e30f2794fbd48b09ff2e9d38ecc851d,2026-02-24T02:14:32Z,1,,2d5b1f20bfb0469293a4d302abd43747
spotify:track:5rb9QrpfcKFHM1EUbSIurX,2e30f2794fbd48b09ff2e9d38ecc851d,2026-02-24T02:14:32Z,1,,2d5b1f20bfb0469293a4d302abd43747
spotify:track:0k2GOhqsrxDTAbFFSdNJjT,e9ab942d00e14f5ba05b39991eb26919,2026-02-24T19:01:10Z,1,,2d5b1f20bfb0469293a4d302abd43747
spotify:track:07Tx168RSsUS1HqkDIOZbH,e9ab942d00e14f5ba05b39991eb26919,2026-02-24T19:01:10Z,1,,2d5b1f20bfb0469293a4d302abd43747
spotify:track:04KTF78FFg8sOHC1BADqbY,e9ab942d00e14f5ba05b39991eb26919,2026-02-24T19:01:10Z,2,,2d5b1f20bfb0469293a4d302abd43747
spotify:track:013AWvizllIUEC2FOBzOnh,e9ab942d00e14f5ba05b39991eb26919,2026-02-24T19:01:10Z,1,,2d5b1f20bfb0469293a4d302abd43747
spotify:track:46n2EGFnPC3tzWCN1Aqe26,e9ab942d00e14f5ba05b39991eb26919,2026-02-24T19:01:10Z,1,,2d5b1f20bfb0469293a4d302abd43747
spotify:track:0YEC3pNS0uIKvZb5u4lgsu,4ad89e5b9e954a30b70342f39fb86a85,2026-02-24T19:28:19Z,3,,2d5b1f20bfb0469293a4d302abd43747
spotify:track:04KTF78FFg8sOHC1BADqbY,4ad89e5b9e954a30b70342f39fb86a85,2026-02-24T19:28:19Z,2,,2d5b1f20bfb0469293a4d302abd43747
spotify:track:5rb9QrpfcKFHM1EUbSIurX,4ad89e5b9e954a30b70342f39fb86a85,2026-02-24T19:28:19Z,1,,2d5b1f20bfb0469293a4d302abd43747
spotify:track:07Tx168RSsUS1HqkDIOZbH,f150238d20e64ce881808ef1e9bcd177,2026-02-24T20:31:07Z,1,I first heard/danced this song on my Disney honeymoon cruise,2d5b1f20bfb0469293a4d302abd43747
spotify:track:0YEC3pNS0uIKvZb5u4lgsu,f150238d20e64ce881808ef1e9bcd177,2026-02-24T20:31:07Z,0,do tell,2d5b1f20bfb0469293a4d302abd43747
spotify:track:2hniyiR5o5mLiowBACVoiC,f150238d20e64ce881808ef1e9bcd177,2026-02-24T20:31:07Z,0,well done :D,2d5b1f20bfb0469293a4d302abd43747
spotify:track:3YKptz29AsOlm7WAVnztBh,f150238d20e64ce881808ef1e9bcd177,2026-02-24T20:31:07Z,1,the goat,2d5b1f20bfb0469293a4d302abd43747
spotify:track:37OI3jA1ts5U0nmuk2qBXR,f150238d20e64ce881808ef1e9bcd177,2026-02-24T20:31:07Z,3,"This was cute and I never heard it, take my points",2d5b1f20bfb0469293a4d302abd43747
spotify:track:5rb9QrpfcKFHM1EUbSIurX,f150238d20e64ce881808ef1e9bcd177,2026-02-24T20:31:07Z,1,this was the meme!,2d5b1f20bfb0469293a4d302abd43747
spotify:track:02GwPAncasVL82yC7y2hmN,f150238d20e64ce881808ef1e9bcd177,2026-02-24T20:31:07Z,0,lmao,2d5b1f20bfb0469293a4d302abd43747
spotify:track:013AWvizllIUEC2FOBzOnh,4bef5cf5b9314383b6c61a18935d5f4d,2026-02-26T03:06:10Z,0,I really wanted to vote for this because I love savage garden but also the awkward juxtaposition of these types of feelings from a 12 year old. Lol ,2d5b1f20bfb0469293a4d302abd43747
spotify:track:04KTF78FFg8sOHC1BADqbY,4bef5cf5b9314383b6c61a18935d5f4d,2026-02-26T03:06:10Z,2,,2d5b1f20bfb0469293a4d302abd43747
spotify:track:59ZTxQo8rBycIXPLUIKvE2,4bef5cf5b9314383b6c61a18935d5f4d,2026-02-26T03:06:10Z,1,,2d5b1f20bfb0469293a4d302abd43747
spotify:track:5rb9QrpfcKFHM1EUbSIurX,4bef5cf5b9314383b6c61a18935d5f4d,2026-02-26T03:06:10Z,3,,2d5b1f20bfb0469293a4d302abd43747
spotify:track:07Tx168RSsUS1HqkDIOZbH,8fc1dc71014e405da1c76d2fc096a6d6,2026-02-26T13:39:25Z,2,,2d5b1f20bfb0469293a4d302abd43747
spotify:track:0YEC3pNS0uIKvZb5u4lgsu,8fc1dc71014e405da1c76d2fc096a6d6,2026-02-26T13:39:25Z,1,,2d5b1f20bfb0469293a4d302abd43747
spotify:track:46n2EGFnPC3tzWCN1Aqe26,8fc1dc71014e405da1c76d2fc096a6d6,2026-02-26T13:39:25Z,1,,2d5b1f20bfb0469293a4d302abd43747
spotify:track:5rb9QrpfcKFHM1EUbSIurX,8fc1dc71014e405da1c76d2fc096a6d6,2026-02-26T13:39:25Z,1,,2d5b1f20bfb0469293a4d302abd43747
spotify:track:013AWvizllIUEC2FOBzOnh,8fc1dc71014e405da1c76d2fc096a6d6,2026-02-26T13:39:25Z,1,,2d5b1f20bfb0469293a4d302abd43747
spotify:track:5rb9QrpfcKFHM1EUbSIurX,c1464401e87d41beaf84bf2bf8164ce9,2026-02-27T07:58:54Z,2,,2d5b1f20bfb0469293a4d302abd43747
spotify:track:04KTF78FFg8sOHC1BADqbY,c1464401e87d41beaf84bf2bf8164ce9,2026-02-27T07:58:54Z,1,,2d5b1f20bfb0469293a4d302abd43747
spotify:track:02GwPAncasVL82yC7y2hmN,c1464401e87d41beaf84bf2bf8164ce9,2026-02-27T07:58:54Z,1,,2d5b1f20bfb0469293a4d302abd43747
spotify:track:6JymsaWDHk2Yj4e0yNBIFH,c1464401e87d41beaf84bf2bf8164ce9,2026-02-27T07:58:54Z,2,,2d5b1f20bfb0469293a4d302abd43747
spotify:track:04KTF78FFg8sOHC1BADqbY,376289a642444f0997c9e5c0d9051d0f,2026-02-27T18:00:17Z,1,,2d5b1f20bfb0469293a4d302abd43747
spotify:track:6JymsaWDHk2Yj4e0yNBIFH,376289a642444f0997c9e5c0d9051d0f,2026-02-27T18:00:17Z,2,,2d5b1f20bfb0469293a4d302abd43747
spotify:track:5rb9QrpfcKFHM1EUbSIurX,376289a642444f0997c9e5c0d9051d0f,2026-02-27T18:00:17Z,1,,2d5b1f20bfb0469293a4d302abd43747
spotify:track:3YKptz29AsOlm7WAVnztBh,376289a642444f0997c9e5c0d9051d0f,2026-02-27T18:00:17Z,2,,2d5b1f20bfb0469293a4d302abd43747
spotify:track:02GwPAncasVL82yC7y2hmN,81ea7661d45940668478c76e755fd74f,2026-02-27T18:33:48Z,3,,2d5b1f20bfb0469293a4d302abd43747
spotify:track:0k2GOhqsrxDTAbFFSdNJjT,81ea7661d45940668478c76e755fd74f,2026-02-27T18:33:48Z,1,,2d5b1f20bfb0469293a4d302abd43747
spotify:track:04KTF78FFg8sOHC1BADqbY,81ea7661d45940668478c76e755fd74f,2026-02-27T18:33:48Z,2,,2d5b1f20bfb0469293a4d302abd43747
spotify:track:5rb9QrpfcKFHM1EUbSIurX,ab24c78104ff4746a452998ff54bc542,2026-02-27T19:33:04Z,3,,2d5b1f20bfb0469293a4d302abd43747
spotify:track:04KTF78FFg8sOHC1BADqbY,ab24c78104ff4746a452998ff54bc542,2026-02-27T19:33:04Z,3,,2d5b1f20bfb0469293a4d302abd43747
spotify:track:59ZTxQo8rBycIXPLUIKvE2,bf719d27a6cb439ca8b18ff0ed0d13be,2026-02-27T19:49:19Z,0,"Genie in a bottle i definitely danced to at middle school.. awkward? Probably.
I dont know if this one made the cut at my middle school...or it came out a bit late for my middle school years. One of the 2. ",2d5b1f20bfb0469293a4d302abd43747
spotify:track:3YKptz29AsOlm7WAVnztBh,bf719d27a6cb439ca8b18ff0ed0d13be,2026-02-27T19:49:19Z,0,So romantic...though i still dont think I understand why its romantic ,2d5b1f20bfb0469293a4d302abd43747
spotify:track:37OI3jA1ts5U0nmuk2qBXR,bf719d27a6cb439ca8b18ff0ed0d13be,2026-02-27T19:49:19Z,0,"Boo! I want it that way!
Mental points for a clever pick, but I wanted cheesy pop music. 
Side note: did anyone actually do Sadie Hawkins dances anymore in our youth? I never had one at my schools. ",2d5b1f20bfb0469293a4d302abd43747
spotify:track:0YEC3pNS0uIKvZb5u4lgsu,bf719d27a6cb439ca8b18ff0ed0d13be,2026-02-27T19:49:19Z,0,Do...do i want to know this story?,2d5b1f20bfb0469293a4d302abd43747
spotify:track:0k2GOhqsrxDTAbFFSdNJjT,bf719d27a6cb439ca8b18ff0ed0d13be,2026-02-27T19:49:19Z,0,This was high school for me. Not hitting my nostalgia ,2d5b1f20bfb0469293a4d302abd43747
spotify:track:07Tx168RSsUS1HqkDIOZbH,bf719d27a6cb439ca8b18ff0ed0d13be,2026-02-27T19:49:19Z,0,"Line/group dances, check! Honestly surprised electric slide, macarina, or tootsie roll didnt show up on this list. ",2d5b1f20bfb0469293a4d302abd43747
spotify:track:04KTF78FFg8sOHC1BADqbY,bf719d27a6cb439ca8b18ff0ed0d13be,2026-02-27T19:49:19Z,2,I provocatively dropped my jacket or cardigan below my shoulder many a time to this song(I still do),2d5b1f20bfb0469293a4d302abd43747
spotify:track:02GwPAncasVL82yC7y2hmN,bf719d27a6cb439ca8b18ff0ed0d13be,2026-02-27T19:49:19Z,0,I have barely any recollection of this song weirdly. But that story tracks for crazy middle school times. ,2d5b1f20bfb0469293a4d302abd43747
spotify:track:013AWvizllIUEC2FOBzOnh,bf719d27a6cb439ca8b18ff0ed0d13be,2026-02-27T19:49:19Z,1,Savage garden! These guys i thought were gonna be the next goo goo dolls or something ,2d5b1f20bfb0469293a4d302abd43747
spotify:track:6JymsaWDHk2Yj4e0yNBIFH,bf719d27a6cb439ca8b18ff0ed0d13be,2026-02-27T19:49:19Z,0,How to wear out kids: Make them jump over and over until they're out of breath. Want to give points...already spreading my points weird though. Too much nostalgia ,2d5b1f20bfb0469293a4d302abd43747
spotify:track:5rb9QrpfcKFHM1EUbSIurX,bf719d27a6cb439ca8b18ff0ed0d13be,2026-02-27T19:49:19Z,1,Yeah yeah yeah...YEAh. ,2d5b1f20bfb0469293a4d302abd43747
spotify:track:46n2EGFnPC3tzWCN1Aqe26,bf719d27a6cb439ca8b18ff0ed0d13be,2026-02-27T19:49:19Z,2,"This might be my least favorite N Sync song and this category has made me dig up why...
1. Cheesy
2. Bad music video. This was the same album with iconic Marinette and come to life toy aisle videos. This video? I recall bubbles, and woods, and sweaters
3. No boys would dance with me to my favorite band. :(

BUT, I think I like this song more now. New meanings and stuff. Thanks for reminding me of it and encouraging me to dig into my psyche. Lol",2d5b1f20bfb0469293a4d302abd43747
spotify:track:3IQSYqnKsCTMLWn2xE3HFT,44c2f542f7c645febc86317b55d78c22,2026-03-02T19:29:00Z,1,,9356059a77ca42a3a9c3a06b89e2af5b
spotify:track:2NQDu5SYci79oyqOWsCfQh,44c2f542f7c645febc86317b55d78c22,2026-03-02T19:29:00Z,1,,9356059a77ca42a3a9c3a06b89e2af5b
spotify:track:5QTTqnJUZ67yVXexI5efjI,44c2f542f7c645febc86317b55d78c22,2026-03-02T19:29:00Z,3,,9356059a77ca42a3a9c3a06b89e2af5b
spotify:track:6uGQKWdjmKvgH1QdDCcM8N,44c2f542f7c645febc86317b55d78c22,2026-03-02T19:29:00Z,1,,9356059a77ca42a3a9c3a06b89e2af5b
spotify:track:1xlPeQm5LICSUONSh6atX0,d9df39ebaa4148dcad17d8311666f155,2026-03-03T00:13:27Z,2,Oh my God. I LOVE this song. Wish I thought of it. ,9356059a77ca42a3a9c3a06b89e2af5b
spotify:track:3CY50hQ0bqpC98KuG6KLDz,d9df39ebaa4148dcad17d8311666f155,2026-03-03T00:13:27Z,1,,9356059a77ca42a3a9c3a06b89e2af5b
spotify:track:3dGeSCbwR3wWShtgio10nj,d9df39ebaa4148dcad17d8311666f155,2026-03-03T00:13:27Z,1,,9356059a77ca42a3a9c3a06b89e2af5b
spotify:track:3IQSYqnKsCTMLWn2xE3HFT,d9df39ebaa4148dcad17d8311666f155,2026-03-03T00:13:27Z,1,Hahhaa,9356059a77ca42a3a9c3a06b89e2af5b
spotify:track:5QTTqnJUZ67yVXexI5efjI,d9df39ebaa4148dcad17d8311666f155,2026-03-03T00:13:27Z,1,Mericaaaa,9356059a77ca42a3a9c3a06b89e2af5b
spotify:track:5r96TaQquRrlo3Ym3ZlSL2,d9df39ebaa4148dcad17d8311666f155,2026-03-03T00:13:27Z,0,Classic ,9356059a77ca42a3a9c3a06b89e2af5b
spotify:track:7wXPymdFwPwxd6pwt267Tx,d9df39ebaa4148dcad17d8311666f155,2026-03-03T00:13:27Z,0,Still one of my favs,9356059a77ca42a3a9c3a06b89e2af5b
spotify:track:3CY50hQ0bqpC98KuG6KLDz,376289a642444f0997c9e5c0d9051d0f,2026-03-03T16:47:45Z,1,,9356059a77ca42a3a9c3a06b89e2af5b
spotify:track:5i0BBU8OZdD7EkYeA5WrSq,376289a642444f0997c9e5c0d9051d0f,2026-03-03T16:47:45Z,1,,9356059a77ca42a3a9c3a06b89e2af5b
spotify:track:5QTTqnJUZ67yVXexI5efjI,376289a642444f0997c9e5c0d9051d0f,2026-03-03T16:47:45Z,1,,9356059a77ca42a3a9c3a06b89e2af5b
spotify:track:5r96TaQquRrlo3Ym3ZlSL2,376289a642444f0997c9e5c0d9051d0f,2026-03-03T16:47:45Z,2,,9356059a77ca42a3a9c3a06b89e2af5b
spotify:track:6uGQKWdjmKvgH1QdDCcM8N,376289a642444f0997c9e5c0d9051d0f,2026-03-03T16:47:45Z,1,,9356059a77ca42a3a9c3a06b89e2af5b
spotify:track:3dGeSCbwR3wWShtgio10nj,c1464401e87d41beaf84bf2bf8164ce9,2026-03-04T21:53:42Z,2,,9356059a77ca42a3a9c3a06b89e2af5b
spotify:track:5QTTqnJUZ67yVXexI5efjI,c1464401e87d41beaf84bf2bf8164ce9,2026-03-04T21:53:42Z,1,,9356059a77ca42a3a9c3a06b89e2af5b
spotify:track:5TlAXiBCBwiQnIZUAA4Jkg,c1464401e87d41beaf84bf2bf8164ce9,2026-03-04T21:53:42Z,2,,9356059a77ca42a3a9c3a06b89e2af5b
spotify:track:7wXPymdFwPwxd6pwt267Tx,c1464401e87d41beaf84bf2bf8164ce9,2026-03-04T21:53:42Z,1,,9356059a77ca42a3a9c3a06b89e2af5b
spotify:track:2NQDu5SYci79oyqOWsCfQh,8fc1dc71014e405da1c76d2fc096a6d6,2026-03-04T22:03:43Z,0,"This was top 4 for me, almost got some points, fun track though ",9356059a77ca42a3a9c3a06b89e2af5b
spotify:track:3CY50hQ0bqpC98KuG6KLDz,8fc1dc71014e405da1c76d2fc096a6d6,2026-03-04T22:03:43Z,1,"Yea hilarious, not something I’ll listen to regularly but absolutely so funny, take a point",9356059a77ca42a3a9c3a06b89e2af5b
spotify:track:3dGeSCbwR3wWShtgio10nj,8fc1dc71014e405da1c76d2fc096a6d6,2026-03-04T22:03:43Z,0,I mean it’s funny but idk if you can call it a song,9356059a77ca42a3a9c3a06b89e2af5b
spotify:track:3IQSYqnKsCTMLWn2xE3HFT,8fc1dc71014e405da1c76d2fc096a6d6,2026-03-04T22:03:43Z,0,Song deserves points because I forgot about it existing but not enough points to give unfortunately ,9356059a77ca42a3a9c3a06b89e2af5b
spotify:track:40WBlZAQYLA4e4DqgM16Pr,8fc1dc71014e405da1c76d2fc096a6d6,2026-03-04T22:03:43Z,3,"Top track for me, enjoy the points",9356059a77ca42a3a9c3a06b89e2af5b
spotify:track:5QTTqnJUZ67yVXexI5efjI,8fc1dc71014e405da1c76d2fc096a6d6,2026-03-04T22:03:43Z,0,"Team America, fuck yeah!",9356059a77ca42a3a9c3a06b89e2af5b
spotify:track:5TlAXiBCBwiQnIZUAA4Jkg,8fc1dc71014e405da1c76d2fc096a6d6,2026-03-04T22:03:43Z,0,Enjoyed this song but heard it before,9356059a77ca42a3a9c3a06b89e2af5b
spotify:track:6uGQKWdjmKvgH1QdDCcM8N,8fc1dc71014e405da1c76d2fc096a6d6,2026-03-04T22:03:43Z,2,"Yeah enjoyed this track, take some points",9356059a77ca42a3a9c3a06b89e2af5b
spotify:track:7wXPymdFwPwxd6pwt267Tx,8fc1dc71014e405da1c76d2fc096a6d6,2026-03-04T22:03:43Z,0,It’s funny but not my top 3,9356059a77ca42a3a9c3a06b89e2af5b
spotify:track:2NQDu5SYci79oyqOWsCfQh,4ad89e5b9e954a30b70342f39fb86a85,2026-03-05T22:18:05Z,3,,9356059a77ca42a3a9c3a06b89e2af5b
spotify:track:1xlPeQm5LICSUONSh6atX0,4ad89e5b9e954a30b70342f39fb86a85,2026-03-05T22:18:05Z,2,,9356059a77ca42a3a9c3a06b89e2af5b
spotify:track:3dGeSCbwR3wWShtgio10nj,4ad89e5b9e954a30b70342f39fb86a85,2026-03-05T22:18:05Z,0,this is not a song lol,9356059a77ca42a3a9c3a06b89e2af5b
spotify:track:5i0BBU8OZdD7EkYeA5WrSq,4ad89e5b9e954a30b70342f39fb86a85,2026-03-05T22:18:05Z,1,,9356059a77ca42a3a9c3a06b89e2af5b
spotify:track:1xlPeQm5LICSUONSh6atX0,4bef5cf5b9314383b6c61a18935d5f4d,2026-03-06T13:31:51Z,3,This had me dying. 😂,9356059a77ca42a3a9c3a06b89e2af5b
spotify:track:40WBlZAQYLA4e4DqgM16Pr,4bef5cf5b9314383b6c61a18935d5f4d,2026-03-06T13:31:51Z,1,A lot of their songs are joke adjacent. This one is just a bop. ,9356059a77ca42a3a9c3a06b89e2af5b
spotify:track:7wXPymdFwPwxd6pwt267Tx,4bef5cf5b9314383b6c61a18935d5f4d,2026-03-06T13:31:51Z,2,😂,9356059a77ca42a3a9c3a06b89e2af5b
spotify:track:3dGeSCbwR3wWShtgio10nj,f150238d20e64ce881808ef1e9bcd177,2026-03-06T14:00:21Z,2,"It's literally a ""song"" of jokes. You earned it.",9356059a77ca42a3a9c3a06b89e2af5b
spotify:track:3IQSYqnKsCTMLWn2xE3HFT,f150238d20e64ce881808ef1e9bcd177,2026-03-06T14:00:21Z,0,Poseidon look at me!,9356059a77ca42a3a9c3a06b89e2af5b
spotify:track:40WBlZAQYLA4e4DqgM16Pr,f150238d20e64ce881808ef1e9bcd177,2026-03-06T14:00:21Z,0,I love how they mimic the scooter engine with guitar during the bridge,9356059a77ca42a3a9c3a06b89e2af5b
spotify:track:2NQDu5SYci79oyqOWsCfQh,f150238d20e64ce881808ef1e9bcd177,2026-03-06T14:00:21Z,0,Joke song?! This is life!!,9356059a77ca42a3a9c3a06b89e2af5b
spotify:track:5QTTqnJUZ67yVXexI5efjI,f150238d20e64ce881808ef1e9bcd177,2026-03-06T14:00:21Z,0,it never stops being relevant!,9356059a77ca42a3a9c3a06b89e2af5b
spotify:track:5TlAXiBCBwiQnIZUAA4Jkg,f150238d20e64ce881808ef1e9bcd177,2026-03-06T14:00:21Z,0,"love this, esp the video",9356059a77ca42a3a9c3a06b89e2af5b
spotify:track:6uGQKWdjmKvgH1QdDCcM8N,f150238d20e64ce881808ef1e9bcd177,2026-03-06T14:00:21Z,0,too explicit!,9356059a77ca42a3a9c3a06b89e2af5b
spotify:track:41WDvgF7RgCXfLN9iKWVhp,f150238d20e64ce881808ef1e9bcd177,2026-03-06T14:00:21Z,1,A testament to cultural exchange,9356059a77ca42a3a9c3a06b89e2af5b
spotify:track:1xlPeQm5LICSUONSh6atX0,f150238d20e64ce881808ef1e9bcd177,2026-03-06T14:00:21Z,2,this song made me google horse gestation period. I was thinking about would it make more sense for the mother or father to be the horse. I don't really have any answers but horses are 11 months,9356059a77ca42a3a9c3a06b89e2af5b
spotify:track:3CY50hQ0bqpC98KuG6KLDz,f150238d20e64ce881808ef1e9bcd177,2026-03-06T14:00:21Z,1,This is what MAGA actually believes,9356059a77ca42a3a9c3a06b89e2af5b
spotify:track:3IQSYqnKsCTMLWn2xE3HFT,2e30f2794fbd48b09ff2e9d38ecc851d,2026-03-06T15:12:15Z,2,,9356059a77ca42a3a9c3a06b89e2af5b
spotify:track:1xlPeQm5LICSUONSh6atX0,2e30f2794fbd48b09ff2e9d38ecc851d,2026-03-06T15:12:15Z,2,,9356059a77ca42a3a9c3a06b89e2af5b
spotify:track:5TlAXiBCBwiQnIZUAA4Jkg,2e30f2794fbd48b09ff2e9d38ecc851d,2026-03-06T15:12:15Z,1,,9356059a77ca42a3a9c3a06b89e2af5b
spotify:track:6uGQKWdjmKvgH1QdDCcM8N,2e30f2794fbd48b09ff2e9d38ecc851d,2026-03-06T15:12:15Z,1,,9356059a77ca42a3a9c3a06b89e2af5b
spotify:track:2NQDu5SYci79oyqOWsCfQh,ab24c78104ff4746a452998ff54bc542,2026-03-06T15:43:22Z,1,,9356059a77ca42a3a9c3a06b89e2af5b
spotify:track:40WBlZAQYLA4e4DqgM16Pr,ab24c78104ff4746a452998ff54bc542,2026-03-06T15:43:22Z,2,,9356059a77ca42a3a9c3a06b89e2af5b
spotify:track:5i0BBU8OZdD7EkYeA5WrSq,ab24c78104ff4746a452998ff54bc542,2026-03-06T15:43:22Z,3,,9356059a77ca42a3a9c3a06b89e2af5b
spotify:track:1xlPeQm5LICSUONSh6atX0,e9ab942d00e14f5ba05b39991eb26919,2026-03-06T19:32:53Z,2,,9356059a77ca42a3a9c3a06b89e2af5b
spotify:track:3IQSYqnKsCTMLWn2xE3HFT,e9ab942d00e14f5ba05b39991eb26919,2026-03-06T19:32:53Z,2,,9356059a77ca42a3a9c3a06b89e2af5b
spotify:track:5QTTqnJUZ67yVXexI5efjI,e9ab942d00e14f5ba05b39991eb26919,2026-03-06T19:32:53Z,1,,9356059a77ca42a3a9c3a06b89e2af5b
spotify:track:5r96TaQquRrlo3Ym3ZlSL2,e9ab942d00e14f5ba05b39991eb26919,2026-03-06T19:32:53Z,1,,9356059a77ca42a3a9c3a06b89e2af5b
spotify:track:3CY50hQ0bqpC98KuG6KLDz,bf719d27a6cb439ca8b18ff0ed0d13be,2026-03-06T21:24:51Z,3,Ha. This feels like it could be performed at the alternate halftime show,9356059a77ca42a3a9c3a06b89e2af5b
spotify:track:3dGeSCbwR3wWShtgio10nj,bf719d27a6cb439ca8b18ff0ed0d13be,2026-03-06T21:24:51Z,2,"Ok...so, you could say this isnt meeting criteria, but it made me laugh out loud, so it gets my love. ",9356059a77ca42a3a9c3a06b89e2af5b
spotify:track:5i0BBU8OZdD7EkYeA5WrSq,bf719d27a6cb439ca8b18ff0ed0d13be,2026-03-06T21:24:51Z,1,A classic comedy bit. Giving a point because I had forgotten about it. ,9356059a77ca42a3a9c3a06b89e2af5b
spotify:track:5QTTqnJUZ67yVXexI5efjI,bf719d27a6cb439ca8b18ff0ed0d13be,2026-03-06T21:24:51Z,0,The timing of this....,9356059a77ca42a3a9c3a06b89e2af5b
spotify:track:1dHklWqi0PRH51Xb7WiiYu,376289a642444f0997c9e5c0d9051d0f,2026-03-09T23:11:45Z,1,,a8df29504fdd42c2a76b100c38136d6d
spotify:track:1iaCXdnlc1QPpktPidJm9h,376289a642444f0997c9e5c0d9051d0f,2026-03-09T23:11:45Z,1,,a8df29504fdd42c2a76b100c38136d6d
spotify:track:2ZiJidFdQ30nVJEP4u44l3,376289a642444f0997c9e5c0d9051d0f,2026-03-09T23:11:45Z,1,,a8df29504fdd42c2a76b100c38136d6d
spotify:track:34ccBqL3xNaCzPxr0UqoEw,376289a642444f0997c9e5c0d9051d0f,2026-03-09T23:11:45Z,2,,a8df29504fdd42c2a76b100c38136d6d
spotify:track:4WNtqQQ7K1Ys30l2JtKHDy,376289a642444f0997c9e5c0d9051d0f,2026-03-09T23:11:45Z,1,,a8df29504fdd42c2a76b100c38136d6d
spotify:track:1dHklWqi0PRH51Xb7WiiYu,ab24c78104ff4746a452998ff54bc542,2026-03-10T02:37:16Z,2,,a8df29504fdd42c2a76b100c38136d6d
spotify:track:4WNtqQQ7K1Ys30l2JtKHDy,ab24c78104ff4746a452998ff54bc542,2026-03-10T02:37:16Z,3,,a8df29504fdd42c2a76b100c38136d6d
spotify:track:7dBd998L1MHRoOvMxi0Zxl,ab24c78104ff4746a452998ff54bc542,2026-03-10T02:37:16Z,1,,a8df29504fdd42c2a76b100c38136d6d
spotify:track:4WNtqQQ7K1Ys30l2JtKHDy,44c2f542f7c645febc86317b55d78c22,2026-03-10T13:48:03Z,2,,a8df29504fdd42c2a76b100c38136d6d
spotify:track:28cnXtME493VX9NOw9cIUh,44c2f542f7c645febc86317b55d78c22,2026-03-10T13:48:03Z,1,,a8df29504fdd42c2a76b100c38136d6d
spotify:track:34ccBqL3xNaCzPxr0UqoEw,44c2f542f7c645febc86317b55d78c22,2026-03-10T13:48:03Z,3,,a8df29504fdd42c2a76b100c38136d6d
spotify:track:5ovAmYzYLeEmOX6P3bmlzV,c1464401e87d41beaf84bf2bf8164ce9,2026-03-10T15:06:50Z,2,,a8df29504fdd42c2a76b100c38136d6d
spotify:track:4WNtqQQ7K1Ys30l2JtKHDy,c1464401e87d41beaf84bf2bf8164ce9,2026-03-10T15:06:50Z,2,,a8df29504fdd42c2a76b100c38136d6d
spotify:track:0gcA09U4zGYzSdUZ9cqSNp,c1464401e87d41beaf84bf2bf8164ce9,2026-03-10T15:06:50Z,2,,a8df29504fdd42c2a76b100c38136d6d
spotify:track:2ZiJidFdQ30nVJEP4u44l3,4ad89e5b9e954a30b70342f39fb86a85,2026-03-10T16:49:24Z,1,,a8df29504fdd42c2a76b100c38136d6d
spotify:track:34ccBqL3xNaCzPxr0UqoEw,4ad89e5b9e954a30b70342f39fb86a85,2026-03-10T16:49:24Z,3,,a8df29504fdd42c2a76b100c38136d6d
spotify:track:6ueFaGkO65xIBEvDEtXeCe,4ad89e5b9e954a30b70342f39fb86a85,2026-03-10T16:49:24Z,2,,a8df29504fdd42c2a76b100c38136d6d
spotify:track:1dHklWqi0PRH51Xb7WiiYu,d9df39ebaa4148dcad17d8311666f155,2026-03-10T19:12:49Z,1,,a8df29504fdd42c2a76b100c38136d6d
spotify:track:16Hrf1Rempwtt0rNxxHBWp,d9df39ebaa4148dcad17d8311666f155,2026-03-10T19:12:49Z,1,,a8df29504fdd42c2a76b100c38136d6d
spotify:track:1iaCXdnlc1QPpktPidJm9h,d9df39ebaa4148dcad17d8311666f155,2026-03-10T19:12:49Z,1,,a8df29504fdd42c2a76b100c38136d6d
spotify:track:2ZiJidFdQ30nVJEP4u44l3,d9df39ebaa4148dcad17d8311666f155,2026-03-10T19:12:49Z,1,,a8df29504fdd42c2a76b100c38136d6d
spotify:track:34ccBqL3xNaCzPxr0UqoEw,d9df39ebaa4148dcad17d8311666f155,2026-03-10T19:12:49Z,1,,a8df29504fdd42c2a76b100c38136d6d
spotify:track:4zzi2eD2cEPpQ3a307mPPj,d9df39ebaa4148dcad17d8311666f155,2026-03-10T19:12:49Z,1,,a8df29504fdd42c2a76b100c38136d6d
spotify:track:1dHklWqi0PRH51Xb7WiiYu,4bef5cf5b9314383b6c61a18935d5f4d,2026-03-11T18:12:09Z,3,Automatically all of my points. ,a8df29504fdd42c2a76b100c38136d6d
spotify:track:1iaCXdnlc1QPpktPidJm9h,4bef5cf5b9314383b6c61a18935d5f4d,2026-03-11T18:12:09Z,2,,a8df29504fdd42c2a76b100c38136d6d
spotify:track:7dBd998L1MHRoOvMxi0Zxl,4bef5cf5b9314383b6c61a18935d5f4d,2026-03-11T18:12:09Z,1,,a8df29504fdd42c2a76b100c38136d6d
spotify:track:1dHklWqi0PRH51Xb7WiiYu,8fc1dc71014e405da1c76d2fc096a6d6,2026-03-12T13:49:53Z,1,Enjoyed being able to sing along to this haha,a8df29504fdd42c2a76b100c38136d6d
spotify:track:1iaCXdnlc1QPpktPidJm9h,8fc1dc71014e405da1c76d2fc096a6d6,2026-03-12T13:49:53Z,1,Take a point,a8df29504fdd42c2a76b100c38136d6d
spotify:track:28cnXtME493VX9NOw9cIUh,8fc1dc71014e405da1c76d2fc096a6d6,2026-03-12T13:49:53Z,0,"Deserves a point, but I submitted this for the first tech music league cover theme.",a8df29504fdd42c2a76b100c38136d6d
spotify:track:2dvPnPjTjGYyRqRd7KO7jx,8fc1dc71014e405da1c76d2fc096a6d6,2026-03-12T13:49:53Z,1,"Yeah great track, take a point",a8df29504fdd42c2a76b100c38136d6d
spotify:track:2ZiJidFdQ30nVJEP4u44l3,8fc1dc71014e405da1c76d2fc096a6d6,2026-03-12T13:49:53Z,1,Enjoyed this,a8df29504fdd42c2a76b100c38136d6d
spotify:track:5ovAmYzYLeEmOX6P3bmlzV,8fc1dc71014e405da1c76d2fc096a6d6,2026-03-12T13:49:53Z,2,"This was my top pick, only 2 points given because I just had to vote for too many songs.",a8df29504fdd42c2a76b100c38136d6d
spotify:track:0gcA09U4zGYzSdUZ9cqSNp,2e30f2794fbd48b09ff2e9d38ecc851d,2026-03-13T14:09:26Z,1,,a8df29504fdd42c2a76b100c38136d6d
spotify:track:16Hrf1Rempwtt0rNxxHBWp,2e30f2794fbd48b09ff2e9d38ecc851d,2026-03-13T14:09:26Z,1,,a8df29504fdd42c2a76b100c38136d6d
spotify:track:1iaCXdnlc1QPpktPidJm9h,2e30f2794fbd48b09ff2e9d38ecc851d,2026-03-13T14:09:26Z,1,,a8df29504fdd42c2a76b100c38136d6d
spotify:track:2ZiJidFdQ30nVJEP4u44l3,2e30f2794fbd48b09ff2e9d38ecc851d,2026-03-13T14:09:26Z,0,I was so close to choosing this song,a8df29504fdd42c2a76b100c38136d6d
spotify:track:34ccBqL3xNaCzPxr0UqoEw,2e30f2794fbd48b09ff2e9d38ecc851d,2026-03-13T14:09:26Z,1,,a8df29504fdd42c2a76b100c38136d6d
spotify:track:4WNtqQQ7K1Ys30l2JtKHDy,2e30f2794fbd48b09ff2e9d38ecc851d,2026-03-13T14:09:26Z,2,,a8df29504fdd42c2a76b100c38136d6d
spotify:track:0gcA09U4zGYzSdUZ9cqSNp,e9ab942d00e14f5ba05b39991eb26919,2026-03-13T19:48:11Z,1,,a8df29504fdd42c2a76b100c38136d6d
spotify:track:34ccBqL3xNaCzPxr0UqoEw,e9ab942d00e14f5ba05b39991eb26919,2026-03-13T19:48:11Z,2,,a8df29504fdd42c2a76b100c38136d6d
spotify:track:4zzi2eD2cEPpQ3a307mPPj,e9ab942d00e14f5ba05b39991eb26919,2026-03-13T19:48:11Z,3,,a8df29504fdd42c2a76b100c38136d6d
spotify:track:1dHklWqi0PRH51Xb7WiiYu,81ea7661d45940668478c76e755fd74f,2026-03-13T20:15:35Z,3,,a8df29504fdd42c2a76b100c38136d6d
spotify:track:1iaCXdnlc1QPpktPidJm9h,81ea7661d45940668478c76e755fd74f,2026-03-13T20:15:35Z,2,,a8df29504fdd42c2a76b100c38136d6d
spotify:track:34ccBqL3xNaCzPxr0UqoEw,81ea7661d45940668478c76e755fd74f,2026-03-13T20:15:35Z,1,,a8df29504fdd42c2a76b100c38136d6d
spotify:track:16Hrf1Rempwtt0rNxxHBWp,f150238d20e64ce881808ef1e9bcd177,2026-03-13T20:52:43Z,0,"runner up for me, i'm just out of points!",a8df29504fdd42c2a76b100c38136d6d
spotify:track:2dvPnPjTjGYyRqRd7KO7jx,f150238d20e64ce881808ef1e9bcd177,2026-03-13T20:52:43Z,1,the juxtaposition does it for me,a8df29504fdd42c2a76b100c38136d6d
spotify:track:2ZiJidFdQ30nVJEP4u44l3,f150238d20e64ce881808ef1e9bcd177,2026-03-13T20:52:43Z,1,metal with this is hilarious!,a8df29504fdd42c2a76b100c38136d6d
spotify:track:4WNtqQQ7K1Ys30l2JtKHDy,f150238d20e64ce881808ef1e9bcd177,2026-03-13T20:52:43Z,1,lmao,a8df29504fdd42c2a76b100c38136d6d
spotify:track:5ovAmYzYLeEmOX6P3bmlzV,f150238d20e64ce881808ef1e9bcd177,2026-03-13T20:52:43Z,3,"lots of great covers on here, but this one gets the points because I'd listen to it outside this playlist",a8df29504fdd42c2a76b100c38136d6d
spotify:track:1iaCXdnlc1QPpktPidJm9h,bf719d27a6cb439ca8b18ff0ed0d13be,2026-03-13T20:53:55Z,1,,a8df29504fdd42c2a76b100c38136d6d
spotify:track:2ZiJidFdQ30nVJEP4u44l3,bf719d27a6cb439ca8b18ff0ed0d13be,2026-03-13T20:53:55Z,3,"Taylor swift basically preppy emo kid, confirmed ",a8df29504fdd42c2a76b100c38136d6d
spotify:track:34ccBqL3xNaCzPxr0UqoEw,bf719d27a6cb439ca8b18ff0ed0d13be,2026-03-13T20:53:55Z,1,,a8df29504fdd42c2a76b100c38136d6d
spotify:track:4zzi2eD2cEPpQ3a307mPPj,bf719d27a6cb439ca8b18ff0ed0d13be,2026-03-13T20:53:55Z,1,,a8df29504fdd42c2a76b100c38136d6d
spotify:track:1QID359OvV6fymWflaLgpM,d9df39ebaa4148dcad17d8311666f155,2026-03-17T00:35:09Z,1,,58a9446c9e704f4eaba4e85487990b8a
spotify:track:783Oiskd1R67HbuKD0nimy,d9df39ebaa4148dcad17d8311666f155,2026-03-17T00:35:09Z,2,,58a9446c9e704f4eaba4e85487990b8a
spotify:track:5RaQGlphZDCPRvx59oVrb6,d9df39ebaa4148dcad17d8311666f155,2026-03-17T00:35:09Z,1,,58a9446c9e704f4eaba4e85487990b8a
spotify:track:1C042FLYy7rP3MfnkOcnha,d9df39ebaa4148dcad17d8311666f155,2026-03-17T00:35:09Z,1,,58a9446c9e704f4eaba4e85487990b8a
spotify:track:1q5wF1wZQD41ura41yVqXb,d9df39ebaa4148dcad17d8311666f155,2026-03-17T00:35:09Z,1,,58a9446c9e704f4eaba4e85487990b8a
spotify:track:4RY96Asd9IefaL3X4LOLZ8,d9df39ebaa4148dcad17d8311666f155,2026-03-17T00:35:09Z,0,What haha,58a9446c9e704f4eaba4e85487990b8a
spotify:track:4RY96Asd9IefaL3X4LOLZ8,44c2f542f7c645febc86317b55d78c22,2026-03-17T02:55:41Z,1,,58a9446c9e704f4eaba4e85487990b8a
spotify:track:0ChpoNjXfJPjMvCIN6so6J,44c2f542f7c645febc86317b55d78c22,2026-03-17T02:55:41Z,0,Meant to post the acoustic version oh well.,58a9446c9e704f4eaba4e85487990b8a
spotify:track:2Rpxbbx0rbA7leuAshGEH3,44c2f542f7c645febc86317b55d78c22,2026-03-17T02:55:41Z,2,,58a9446c9e704f4eaba4e85487990b8a
spotify:track:5RaQGlphZDCPRvx59oVrb6,44c2f542f7c645febc86317b55d78c22,2026-03-17T02:55:41Z,3,,58a9446c9e704f4eaba4e85487990b8a
spotify:track:0EhjxP458BPWJd5McM5dVY,4ad89e5b9e954a30b70342f39fb86a85,2026-03-17T15:42:37Z,3,fire,58a9446c9e704f4eaba4e85487990b8a
spotify:track:0ChpoNjXfJPjMvCIN6so6J,4ad89e5b9e954a30b70342f39fb86a85,2026-03-17T15:42:37Z,2,i forgot this song existed,58a9446c9e704f4eaba4e85487990b8a
spotify:track:783Oiskd1R67HbuKD0nimy,4ad89e5b9e954a30b70342f39fb86a85,2026-03-17T15:42:37Z,1,,58a9446c9e704f4eaba4e85487990b8a
spotify:track:1RCtHLyq1xIbgGMrYRrKJ2,f150238d20e64ce881808ef1e9bcd177,2026-03-17T20:13:13Z,0,runner up!,58a9446c9e704f4eaba4e85487990b8a
spotify:track:2QzMJkYUhThZxM94ahgOzN,f150238d20e64ce881808ef1e9bcd177,2026-03-17T20:13:13Z,1,,58a9446c9e704f4eaba4e85487990b8a
spotify:track:4RY96Asd9IefaL3X4LOLZ8,f150238d20e64ce881808ef1e9bcd177,2026-03-17T20:13:13Z,0,huh?,58a9446c9e704f4eaba4e85487990b8a
spotify:track:783Oiskd1R67HbuKD0nimy,f150238d20e64ce881808ef1e9bcd177,2026-03-17T20:13:13Z,2,,58a9446c9e704f4eaba4e85487990b8a
spotify:track:1C042FLYy7rP3MfnkOcnha,f150238d20e64ce881808ef1e9bcd177,2026-03-17T20:13:13Z,3,,58a9446c9e704f4eaba4e85487990b8a
spotify:track:1QID359OvV6fymWflaLgpM,f150238d20e64ce881808ef1e9bcd177,2026-03-17T20:13:13Z,0,runner up!,58a9446c9e704f4eaba4e85487990b8a
spotify:track:1q5wF1wZQD41ura41yVqXb,4bef5cf5b9314383b6c61a18935d5f4d,2026-03-19T03:04:11Z,3,I really enjoyed this!,58a9446c9e704f4eaba4e85487990b8a
spotify:track:1RCtHLyq1xIbgGMrYRrKJ2,4bef5cf5b9314383b6c61a18935d5f4d,2026-03-19T03:04:11Z,1,,58a9446c9e704f4eaba4e85487990b8a
spotify:track:0EhjxP458BPWJd5McM5dVY,4bef5cf5b9314383b6c61a18935d5f4d,2026-03-19T03:04:11Z,0,This gave me whiplash somehow. ,58a9446c9e704f4eaba4e85487990b8a
spotify:track:0ChpoNjXfJPjMvCIN6so6J,4bef5cf5b9314383b6c61a18935d5f4d,2026-03-19T03:04:11Z,0,Classic. ,58a9446c9e704f4eaba4e85487990b8a
spotify:track:4RY96Asd9IefaL3X4LOLZ8,4bef5cf5b9314383b6c61a18935d5f4d,2026-03-19T03:04:11Z,1,This gets a point for being a complete surprise for this list. Also 50 and I are cancer gang.  ,58a9446c9e704f4eaba4e85487990b8a
spotify:track:5RaQGlphZDCPRvx59oVrb6,4bef5cf5b9314383b6c61a18935d5f4d,2026-03-19T03:04:11Z,1,The vocals on this are gorgeous. ,58a9446c9e704f4eaba4e85487990b8a
spotify:track:2Rpxbbx0rbA7leuAshGEH3,4bef5cf5b9314383b6c61a18935d5f4d,2026-03-19T03:04:11Z,0,I feel seen. Which is the same thing as feeling attacked. ,58a9446c9e704f4eaba4e85487990b8a
spotify:track:783Oiskd1R67HbuKD0nimy,376289a642444f0997c9e5c0d9051d0f,2026-03-19T14:41:58Z,2,,58a9446c9e704f4eaba4e85487990b8a
spotify:track:25U7raB3ZSszayTYClh4hF,376289a642444f0997c9e5c0d9051d0f,2026-03-19T14:41:58Z,2,,58a9446c9e704f4eaba4e85487990b8a
spotify:track:1QID359OvV6fymWflaLgpM,376289a642444f0997c9e5c0d9051d0f,2026-03-19T14:41:58Z,1,,58a9446c9e704f4eaba4e85487990b8a
spotify:track:4Ck28jt61FsCgIBz01uAIm,376289a642444f0997c9e5c0d9051d0f,2026-03-19T14:41:58Z,1,,58a9446c9e704f4eaba4e85487990b8a
spotify:track:1QID359OvV6fymWflaLgpM,e9ab942d00e14f5ba05b39991eb26919,2026-03-19T17:33:56Z,2,,58a9446c9e704f4eaba4e85487990b8a
spotify:track:1q5wF1wZQD41ura41yVqXb,e9ab942d00e14f5ba05b39991eb26919,2026-03-19T17:33:56Z,1,,58a9446c9e704f4eaba4e85487990b8a
spotify:track:1C042FLYy7rP3MfnkOcnha,e9ab942d00e14f5ba05b39991eb26919,2026-03-19T17:33:56Z,1,,58a9446c9e704f4eaba4e85487990b8a
spotify:track:2Rpxbbx0rbA7leuAshGEH3,e9ab942d00e14f5ba05b39991eb26919,2026-03-19T17:33:56Z,2,,58a9446c9e704f4eaba4e85487990b8a
spotify:track:1q5wF1wZQD41ura41yVqXb,2e30f2794fbd48b09ff2e9d38ecc851d,2026-03-19T21:32:32Z,1,,58a9446c9e704f4eaba4e85487990b8a
spotify:track:1RCtHLyq1xIbgGMrYRrKJ2,2e30f2794fbd48b09ff2e9d38ecc851d,2026-03-19T21:32:32Z,2,,58a9446c9e704f4eaba4e85487990b8a
spotify:track:5RaQGlphZDCPRvx59oVrb6,2e30f2794fbd48b09ff2e9d38ecc851d,2026-03-19T21:32:32Z,2,,58a9446c9e704f4eaba4e85487990b8a
spotify:track:783Oiskd1R67HbuKD0nimy,2e30f2794fbd48b09ff2e9d38ecc851d,2026-03-19T21:32:32Z,1,,58a9446c9e704f4eaba4e85487990b8a
spotify:track:0EhjxP458BPWJd5McM5dVY,ab24c78104ff4746a452998ff54bc542,2026-03-20T02:36:01Z,1,,58a9446c9e704f4eaba4e85487990b8a
spotify:track:1C042FLYy7rP3MfnkOcnha,ab24c78104ff4746a452998ff54bc542,2026-03-20T02:36:01Z,1,,58a9446c9e704f4eaba4e85487990b8a
spotify:track:25U7raB3ZSszayTYClh4hF,ab24c78104ff4746a452998ff54bc542,2026-03-20T02:36:01Z,3,,58a9446c9e704f4eaba4e85487990b8a
spotify:track:0ChpoNjXfJPjMvCIN6so6J,ab24c78104ff4746a452998ff54bc542,2026-03-20T02:36:01Z,1,`,58a9446c9e704f4eaba4e85487990b8a
spotify:track:0ChpoNjXfJPjMvCIN6so6J,8fc1dc71014e405da1c76d2fc096a6d6,2026-03-20T15:23:58Z,2,"Yeah loved this track, thanks for sharing. Would give 3 points but a lot of good tracks and this song a bit high tempo for sitting by a fire",58a9446c9e704f4eaba4e85487990b8a
spotify:track:783Oiskd1R67HbuKD0nimy,8fc1dc71014e405da1c76d2fc096a6d6,2026-03-20T15:23:58Z,2,"Enjoyed this track and hit the theme for me, take my points",58a9446c9e704f4eaba4e85487990b8a
spotify:track:1RCtHLyq1xIbgGMrYRrKJ2,8fc1dc71014e405da1c76d2fc096a6d6,2026-03-20T15:23:58Z,1,"Yeah love this song, such great vibes. +1 for bagpipes ",58a9446c9e704f4eaba4e85487990b8a
spotify:track:1QID359OvV6fymWflaLgpM,8fc1dc71014e405da1c76d2fc096a6d6,2026-03-20T15:23:58Z,1,Yeah enjoyed this and hit the theme well. Take a point,58a9446c9e704f4eaba4e85487990b8a
spotify:track:1q5wF1wZQD41ura41yVqXb,c1464401e87d41beaf84bf2bf8164ce9,2026-03-20T19:53:38Z,2,,58a9446c9e704f4eaba4e85487990b8a
spotify:track:1C042FLYy7rP3MfnkOcnha,c1464401e87d41beaf84bf2bf8164ce9,2026-03-20T19:53:38Z,1,,58a9446c9e704f4eaba4e85487990b8a
spotify:track:783Oiskd1R67HbuKD0nimy,c1464401e87d41beaf84bf2bf8164ce9,2026-03-20T19:53:38Z,1,,58a9446c9e704f4eaba4e85487990b8a
spotify:track:1QID359OvV6fymWflaLgpM,c1464401e87d41beaf84bf2bf8164ce9,2026-03-20T19:53:38Z,2,,58a9446c9e704f4eaba4e85487990b8a
spotify:track:1QID359OvV6fymWflaLgpM,81ea7661d45940668478c76e755fd74f,2026-03-20T19:57:08Z,1,,58a9446c9e704f4eaba4e85487990b8a
spotify:track:1q5wF1wZQD41ura41yVqXb,81ea7661d45940668478c76e755fd74f,2026-03-20T19:57:08Z,2,,58a9446c9e704f4eaba4e85487990b8a
spotify:track:1C042FLYy7rP3MfnkOcnha,81ea7661d45940668478c76e755fd74f,2026-03-20T19:57:08Z,3,,58a9446c9e704f4eaba4e85487990b8a
spotify:track:4RY96Asd9IefaL3X4LOLZ8,bf719d27a6cb439ca8b18ff0ed0d13be,2026-03-20T20:10:16Z,1,"I might be crazy, but I think i get it. Its a college bonfire drinking party soundtrack vibe.",58a9446c9e704f4eaba4e85487990b8a
spotify:track:25U7raB3ZSszayTYClh4hF,bf719d27a6cb439ca8b18ff0ed0d13be,2026-03-20T20:10:16Z,0,"Cozy, but this feels like sunny spring instead of fire to me",58a9446c9e704f4eaba4e85487990b8a
spotify:track:1RCtHLyq1xIbgGMrYRrKJ2,bf719d27a6cb439ca8b18ff0ed0d13be,2026-03-20T20:10:16Z,1,,58a9446c9e704f4eaba4e85487990b8a
spotify:track:1C042FLYy7rP3MfnkOcnha,bf719d27a6cb439ca8b18ff0ed0d13be,2026-03-20T20:10:16Z,1,,58a9446c9e704f4eaba4e85487990b8a
spotify:track:783Oiskd1R67HbuKD0nimy,bf719d27a6cb439ca8b18ff0ed0d13be,2026-03-20T20:10:16Z,1,"This is one of my faves on here, but I decided to spread my points bc im voting late and cant decide",58a9446c9e704f4eaba4e85487990b8a
spotify:track:5RaQGlphZDCPRvx59oVrb6,bf719d27a6cb439ca8b18ff0ed0d13be,2026-03-20T20:10:16Z,1,Was this on a tiny desk?,58a9446c9e704f4eaba4e85487990b8a
spotify:track:2QzMJkYUhThZxM94ahgOzN,bf719d27a6cb439ca8b18ff0ed0d13be,2026-03-20T20:10:16Z,1,"Might be one of my top ones, but indecisive last minute point spread",58a9446c9e704f4eaba4e85487990b8a
spotify:track:21Qsj3cMVCx2xF2EVVNbEu,c1464401e87d41beaf84bf2bf8164ce9,2026-03-23T16:08:41Z,2,,25cad1c2cd834a6c93af0a1eb4498012
spotify:track:2GqgXmOkCYkmnNo4EEz4DU,c1464401e87d41beaf84bf2bf8164ce9,2026-03-23T16:08:41Z,1,,25cad1c2cd834a6c93af0a1eb4498012
spotify:track:35iszqjgLhqZZ6Rk9TjIdf,c1464401e87d41beaf84bf2bf8164ce9,2026-03-23T16:08:41Z,1,,25cad1c2cd834a6c93af0a1eb4498012
spotify:track:5OzgCc3gQsqchX95k1C1Qa,c1464401e87d41beaf84bf2bf8164ce9,2026-03-23T16:08:41Z,2,I remember vividly when I first heard this. Great choice. Take some points ,25cad1c2cd834a6c93af0a1eb4498012
spotify:track:2X7V0ZwyT6NDn3yBxNz54H,4ad89e5b9e954a30b70342f39fb86a85,2026-03-24T02:55:25Z,3,love it,25cad1c2cd834a6c93af0a1eb4498012
spotify:track:30SiFm9hiqrOWpIxA0qa8l,4ad89e5b9e954a30b70342f39fb86a85,2026-03-24T02:55:25Z,2,small finds like this are what music league is all about to me,25cad1c2cd834a6c93af0a1eb4498012
spotify:track:4sJxJoCWrEh3Kv9wguYrwA,4ad89e5b9e954a30b70342f39fb86a85,2026-03-24T02:55:25Z,1,fine take a point,25cad1c2cd834a6c93af0a1eb4498012
spotify:track:0M89d030gife7YQPAIIrYj,376289a642444f0997c9e5c0d9051d0f,2026-03-24T15:12:08Z,2,,25cad1c2cd834a6c93af0a1eb4498012
spotify:track:21Qsj3cMVCx2xF2EVVNbEu,376289a642444f0997c9e5c0d9051d0f,2026-03-24T15:12:08Z,1,,25cad1c2cd834a6c93af0a1eb4498012
spotify:track:4wjc5Gbw7pi2M5NY6qHa9j,376289a642444f0997c9e5c0d9051d0f,2026-03-24T15:12:08Z,1,,25cad1c2cd834a6c93af0a1eb4498012
spotify:track:6kE91QjOimRTG5BW1BBj4D,376289a642444f0997c9e5c0d9051d0f,2026-03-24T15:12:08Z,1,,25cad1c2cd834a6c93af0a1eb4498012
spotify:track:6YR7DTrNq4moa6u8zdx3vi,376289a642444f0997c9e5c0d9051d0f,2026-03-24T15:12:08Z,1,,25cad1c2cd834a6c93af0a1eb4498012
spotify:track:21Qsj3cMVCx2xF2EVVNbEu,ab24c78104ff4746a452998ff54bc542,2026-03-24T15:44:09Z,3,,25cad1c2cd834a6c93af0a1eb4498012
spotify:track:2X7V0ZwyT6NDn3yBxNz54H,ab24c78104ff4746a452998ff54bc542,2026-03-24T15:44:09Z,0,Illegal,25cad1c2cd834a6c93af0a1eb4498012
spotify:track:5OzgCc3gQsqchX95k1C1Qa,ab24c78104ff4746a452998ff54bc542,2026-03-24T15:44:09Z,1,,25cad1c2cd834a6c93af0a1eb4498012
spotify:track:6kE91QjOimRTG5BW1BBj4D,ab24c78104ff4746a452998ff54bc542,2026-03-24T15:44:09Z,1,,25cad1c2cd834a6c93af0a1eb4498012
spotify:track:6YR7DTrNq4moa6u8zdx3vi,ab24c78104ff4746a452998ff54bc542,2026-03-24T15:44:09Z,1,,25cad1c2cd834a6c93af0a1eb4498012
spotify:track:2X7V0ZwyT6NDn3yBxNz54H,44c2f542f7c645febc86317b55d78c22,2026-03-26T01:58:02Z,1,,25cad1c2cd834a6c93af0a1eb4498012
spotify:track:4oztf7RcwAIxhd1gBp0pjg,44c2f542f7c645febc86317b55d78c22,2026-03-26T01:58:02Z,3,Good banger,25cad1c2cd834a6c93af0a1eb4498012
spotify:track:5OzgCc3gQsqchX95k1C1Qa,44c2f542f7c645febc86317b55d78c22,2026-03-26T01:58:02Z,2,,25cad1c2cd834a6c93af0a1eb4498012
spotify:track:21Qsj3cMVCx2xF2EVVNbEu,8fc1dc71014e405da1c76d2fc096a6d6,2026-03-26T15:13:16Z,1,"Yeah great track, take a point",25cad1c2cd834a6c93af0a1eb4498012
spotify:track:4oztf7RcwAIxhd1gBp0pjg,8fc1dc71014e405da1c76d2fc096a6d6,2026-03-26T15:13:16Z,3,"Okay yeah enjoyed this heavy tune, take my points",25cad1c2cd834a6c93af0a1eb4498012
spotify:track:5OzgCc3gQsqchX95k1C1Qa,8fc1dc71014e405da1c76d2fc096a6d6,2026-03-26T15:13:16Z,0,"I want to give this song points but already in my regular rotation, Connor Price's Spin the Globe series was sooooo epic",25cad1c2cd834a6c93af0a1eb4498012
spotify:track:6kE91QjOimRTG5BW1BBj4D,8fc1dc71014e405da1c76d2fc096a6d6,2026-03-26T15:13:16Z,2,"Missed this song, forgot it existed, take some points.",25cad1c2cd834a6c93af0a1eb4498012
spotify:track:6YR7DTrNq4moa6u8zdx3vi,8fc1dc71014e405da1c76d2fc096a6d6,2026-03-26T15:13:16Z,0,Runner up,25cad1c2cd834a6c93af0a1eb4498012
spotify:track:2X7V0ZwyT6NDn3yBxNz54H,d9df39ebaa4148dcad17d8311666f155,2026-03-26T15:45:58Z,1,,25cad1c2cd834a6c93af0a1eb4498012
spotify:track:30SiFm9hiqrOWpIxA0qa8l,d9df39ebaa4148dcad17d8311666f155,2026-03-26T15:45:58Z,1,,25cad1c2cd834a6c93af0a1eb4498012
spotify:track:4oztf7RcwAIxhd1gBp0pjg,d9df39ebaa4148dcad17d8311666f155,2026-03-26T15:45:58Z,1,,25cad1c2cd834a6c93af0a1eb4498012
spotify:track:4sJxJoCWrEh3Kv9wguYrwA,d9df39ebaa4148dcad17d8311666f155,2026-03-26T15:45:58Z,1,,25cad1c2cd834a6c93af0a1eb4498012
spotify:track:4wjc5Gbw7pi2M5NY6qHa9j,d9df39ebaa4148dcad17d8311666f155,2026-03-26T15:45:58Z,1,,25cad1c2cd834a6c93af0a1eb4498012
spotify:track:5OzgCc3gQsqchX95k1C1Qa,d9df39ebaa4148dcad17d8311666f155,2026-03-26T15:45:58Z,1,,25cad1c2cd834a6c93af0a1eb4498012
spotify:track:21Qsj3cMVCx2xF2EVVNbEu,4bef5cf5b9314383b6c61a18935d5f4d,2026-03-26T23:24:42Z,2,,25cad1c2cd834a6c93af0a1eb4498012
spotify:track:2GqgXmOkCYkmnNo4EEz4DU,4bef5cf5b9314383b6c61a18935d5f4d,2026-03-26T23:24:42Z,1,,25cad1c2cd834a6c93af0a1eb4498012
spotify:track:2X7V0ZwyT6NDn3yBxNz54H,4bef5cf5b9314383b6c61a18935d5f4d,2026-03-26T23:24:42Z,0,The lyrics for this were pretty clever. ,25cad1c2cd834a6c93af0a1eb4498012
spotify:track:35iszqjgLhqZZ6Rk9TjIdf,4bef5cf5b9314383b6c61a18935d5f4d,2026-03-26T23:24:42Z,0,I almost submitted this. Lol ,25cad1c2cd834a6c93af0a1eb4498012
spotify:track:7aAJDUDmzhBbrWDXp4BorC,4bef5cf5b9314383b6c61a18935d5f4d,2026-03-26T23:24:42Z,3,,25cad1c2cd834a6c93af0a1eb4498012
spotify:track:21Qsj3cMVCx2xF2EVVNbEu,81ea7661d45940668478c76e755fd74f,2026-03-27T12:30:13Z,2,,25cad1c2cd834a6c93af0a1eb4498012
spotify:track:5OzgCc3gQsqchX95k1C1Qa,81ea7661d45940668478c76e755fd74f,2026-03-27T12:30:13Z,3,,25cad1c2cd834a6c93af0a1eb4498012
spotify:track:7aAJDUDmzhBbrWDXp4BorC,81ea7661d45940668478c76e755fd74f,2026-03-27T12:30:13Z,1,,25cad1c2cd834a6c93af0a1eb4498012
spotify:track:0M89d030gife7YQPAIIrYj,f150238d20e64ce881808ef1e9bcd177,2026-03-27T13:15:19Z,1,"a harmonious resolution to a tense epic. the mustard, how it hung over us like a muddy discordant sun. how it haunted even our dreams. and there it loomed, the moment of truth. would we be sentenced to the difficult decision to discard a previously darling dud? that garment that had covered us through so many environments, that we bore through so many situations, that we had received as a gift from a hallowed relative? as the moment neared, our hearts raced so to escape our very chests. and finally, the reveal... nay! nay there shall be no discarding! nay we will wear it once again!",25cad1c2cd834a6c93af0a1eb4498012
spotify:track:2GqgXmOkCYkmnNo4EEz4DU,f150238d20e64ce881808ef1e9bcd177,2026-03-27T13:15:19Z,2,,25cad1c2cd834a6c93af0a1eb4498012
spotify:track:2X7V0ZwyT6NDn3yBxNz54H,f150238d20e64ce881808ef1e9bcd177,2026-03-27T13:15:19Z,0,they cooked a little too hard,25cad1c2cd834a6c93af0a1eb4498012
spotify:track:30SiFm9hiqrOWpIxA0qa8l,f150238d20e64ce881808ef1e9bcd177,2026-03-27T13:15:19Z,0,the original is better tbh,25cad1c2cd834a6c93af0a1eb4498012
spotify:track:35iszqjgLhqZZ6Rk9TjIdf,f150238d20e64ce881808ef1e9bcd177,2026-03-27T13:15:19Z,0,I like the sentiment,25cad1c2cd834a6c93af0a1eb4498012
spotify:track:4oztf7RcwAIxhd1gBp0pjg,f150238d20e64ce881808ef1e9bcd177,2026-03-27T13:15:19Z,0,"this was really good, just didn't quite make my top 3",25cad1c2cd834a6c93af0a1eb4498012
spotify:track:4sJxJoCWrEh3Kv9wguYrwA,f150238d20e64ce881808ef1e9bcd177,2026-03-27T13:15:19Z,0,😂,25cad1c2cd834a6c93af0a1eb4498012
spotify:track:5OzgCc3gQsqchX95k1C1Qa,f150238d20e64ce881808ef1e9bcd177,2026-03-27T13:15:19Z,3,gangsta flute,25cad1c2cd834a6c93af0a1eb4498012
spotify:track:0M89d030gife7YQPAIIrYj,2e30f2794fbd48b09ff2e9d38ecc851d,2026-03-27T14:08:47Z,1,,25cad1c2cd834a6c93af0a1eb4498012
spotify:track:21Qsj3cMVCx2xF2EVVNbEu,2e30f2794fbd48b09ff2e9d38ecc851d,2026-03-27T14:08:47Z,1,,25cad1c2cd834a6c93af0a1eb4498012
spotify:track:2GqgXmOkCYkmnNo4EEz4DU,2e30f2794fbd48b09ff2e9d38ecc851d,2026-03-27T14:08:47Z,1,,25cad1c2cd834a6c93af0a1eb4498012
spotify:track:2X7V0ZwyT6NDn3yBxNz54H,2e30f2794fbd48b09ff2e9d38ecc851d,2026-03-27T14:08:47Z,0,121 seconds? UNACCEPTABLE,25cad1c2cd834a6c93af0a1eb4498012
spotify:track:30SiFm9hiqrOWpIxA0qa8l,2e30f2794fbd48b09ff2e9d38ecc851d,2026-03-27T14:08:47Z,1,,25cad1c2cd834a6c93af0a1eb4498012
spotify:track:4oztf7RcwAIxhd1gBp0pjg,2e30f2794fbd48b09ff2e9d38ecc851d,2026-03-27T14:08:47Z,1,,25cad1c2cd834a6c93af0a1eb4498012
spotify:track:6YR7DTrNq4moa6u8zdx3vi,2e30f2794fbd48b09ff2e9d38ecc851d,2026-03-27T14:08:47Z,1,,25cad1c2cd834a6c93af0a1eb4498012
spotify:track:2GqgXmOkCYkmnNo4EEz4DU,e9ab942d00e14f5ba05b39991eb26919,2026-03-27T14:34:25Z,2,,25cad1c2cd834a6c93af0a1eb4498012
spotify:track:2X7V0ZwyT6NDn3yBxNz54H,e9ab942d00e14f5ba05b39991eb26919,2026-03-27T14:34:25Z,2,,25cad1c2cd834a6c93af0a1eb4498012
spotify:track:35iszqjgLhqZZ6Rk9TjIdf,e9ab942d00e14f5ba05b39991eb26919,2026-03-27T14:34:25Z,1,Classic,25cad1c2cd834a6c93af0a1eb4498012
spotify:track:5OzgCc3gQsqchX95k1C1Qa,e9ab942d00e14f5ba05b39991eb26919,2026-03-27T14:34:25Z,1,,25cad1c2cd834a6c93af0a1eb4498012
spotify:track:21Qsj3cMVCx2xF2EVVNbEu,bf719d27a6cb439ca8b18ff0ed0d13be,2026-03-27T15:18:57Z,1,Baby girl's favorite of the ones I performed with a hand puppet ,25cad1c2cd834a6c93af0a1eb4498012
spotify:track:2GqgXmOkCYkmnNo4EEz4DU,bf719d27a6cb439ca8b18ff0ed0d13be,2026-03-27T15:18:57Z,3,Clap,25cad1c2cd834a6c93af0a1eb4498012
spotify:track:35iszqjgLhqZZ6Rk9TjIdf,bf719d27a6cb439ca8b18ff0ed0d13be,2026-03-27T15:18:57Z,0,Fuck nazis,25cad1c2cd834a6c93af0a1eb4498012
spotify:track:5OzgCc3gQsqchX95k1C1Qa,bf719d27a6cb439ca8b18ff0ed0d13be,2026-03-27T15:18:57Z,0,"Why this sound like Justin Timberlake rapping? I like it, to he clear ",25cad1c2cd834a6c93af0a1eb4498012
spotify:track:6kE91QjOimRTG5BW1BBj4D,bf719d27a6cb439ca8b18ff0ed0d13be,2026-03-27T15:18:57Z,1,,25cad1c2cd834a6c93af0a1eb4498012
spotify:track:6YR7DTrNq4moa6u8zdx3vi,bf719d27a6cb439ca8b18ff0ed0d13be,2026-03-27T15:18:57Z,1,Hey!,25cad1c2cd834a6c93af0a1eb4498012
spotify:track:1rw12PalmC8IDoygHT3fm1,44c2f542f7c645febc86317b55d78c22,2026-03-31T04:10:42Z,1,,2eb584cb74be4ddeb3839166517564c7
spotify:track:2Gbi6Y5zPHJu5HDtgFUX8a,44c2f542f7c645febc86317b55d78c22,2026-03-31T04:10:42Z,1,,2eb584cb74be4ddeb3839166517564c7
spotify:track:56SkdBKyR2zOkjk6wVFI9s,44c2f542f7c645febc86317b55d78c22,2026-03-31T04:10:42Z,1,,2eb584cb74be4ddeb3839166517564c7
spotify:track:5uXacxdjE3cNAzXmtO79o9,44c2f542f7c645febc86317b55d78c22,2026-03-31T04:10:42Z,1,,2eb584cb74be4ddeb3839166517564c7
spotify:track:7FT7a5DV7Mk6Mc9ZRJnX70,44c2f542f7c645febc86317b55d78c22,2026-03-31T04:10:42Z,2,,2eb584cb74be4ddeb3839166517564c7
spotify:track:2Gbi6Y5zPHJu5HDtgFUX8a,d9df39ebaa4148dcad17d8311666f155,2026-03-31T21:51:11Z,1,,2eb584cb74be4ddeb3839166517564c7
spotify:track:3MjiUnri8uwPoo9pxRMiam,d9df39ebaa4148dcad17d8311666f155,2026-03-31T21:51:11Z,1,,2eb584cb74be4ddeb3839166517564c7
spotify:track:56SkdBKyR2zOkjk6wVFI9s,d9df39ebaa4148dcad17d8311666f155,2026-03-31T21:51:11Z,1,,2eb584cb74be4ddeb3839166517564c7
spotify:track:6jJsg1sgUYNcPVJVX16Ooe,d9df39ebaa4148dcad17d8311666f155,2026-03-31T21:51:11Z,1,,2eb584cb74be4ddeb3839166517564c7
spotify:track:6yOgpwztax6vT689Blqxp4,d9df39ebaa4148dcad17d8311666f155,2026-03-31T21:51:11Z,1,,2eb584cb74be4ddeb3839166517564c7
spotify:track:77Fx1HtDox0xmvmvL23arD,d9df39ebaa4148dcad17d8311666f155,2026-03-31T21:51:11Z,1,Oh my God hahaha. Flashbacks,2eb584cb74be4ddeb3839166517564c7
spotify:track:3MjiUnri8uwPoo9pxRMiam,4bef5cf5b9314383b6c61a18935d5f4d,2026-04-02T13:43:34Z,3,The guitar on this is really pretty. ,2eb584cb74be4ddeb3839166517564c7
spotify:track:3oiwQKGWKirH1H5qbTsYpG,4bef5cf5b9314383b6c61a18935d5f4d,2026-04-02T13:43:34Z,1,,2eb584cb74be4ddeb3839166517564c7
spotify:track:56SkdBKyR2zOkjk6wVFI9s,4bef5cf5b9314383b6c61a18935d5f4d,2026-04-02T13:43:34Z,0,Aaaaaahhhhhhhhh I love this song. Omg. 🫪,2eb584cb74be4ddeb3839166517564c7
spotify:track:6jJsg1sgUYNcPVJVX16Ooe,4bef5cf5b9314383b6c61a18935d5f4d,2026-04-02T13:43:34Z,2,A bop,2eb584cb74be4ddeb3839166517564c7
spotify:track:2XZew78wWeiEiiENhz3Okz,81ea7661d45940668478c76e755fd74f,2026-04-02T13:50:54Z,3,,2eb584cb74be4ddeb3839166517564c7
spotify:track:56SkdBKyR2zOkjk6wVFI9s,81ea7661d45940668478c76e755fd74f,2026-04-02T13:50:54Z,1,,2eb584cb74be4ddeb3839166517564c7
spotify:track:6jJsg1sgUYNcPVJVX16Ooe,81ea7661d45940668478c76e755fd74f,2026-04-02T13:50:54Z,2,,2eb584cb74be4ddeb3839166517564c7
spotify:track:2Gbi6Y5zPHJu5HDtgFUX8a,4ad89e5b9e954a30b70342f39fb86a85,2026-04-02T17:39:18Z,1,,2eb584cb74be4ddeb3839166517564c7
spotify:track:56SkdBKyR2zOkjk6wVFI9s,4ad89e5b9e954a30b70342f39fb86a85,2026-04-02T17:39:18Z,3,,2eb584cb74be4ddeb3839166517564c7
spotify:track:6yOgpwztax6vT689Blqxp4,4ad89e5b9e954a30b70342f39fb86a85,2026-04-02T17:39:18Z,2,,2eb584cb74be4ddeb3839166517564c7
spotify:track:2YXkNT5MQWIB344mAPHTNH,ab24c78104ff4746a452998ff54bc542,2026-04-02T18:10:28Z,1,,2eb584cb74be4ddeb3839166517564c7
spotify:track:6jJsg1sgUYNcPVJVX16Ooe,ab24c78104ff4746a452998ff54bc542,2026-04-02T18:10:28Z,2,,2eb584cb74be4ddeb3839166517564c7
spotify:track:77Fx1HtDox0xmvmvL23arD,ab24c78104ff4746a452998ff54bc542,2026-04-02T18:10:28Z,3,,2eb584cb74be4ddeb3839166517564c7
spotify:track:2YXkNT5MQWIB344mAPHTNH,8fc1dc71014e405da1c76d2fc096a6d6,2026-04-03T12:50:36Z,1,"Forgot about this song, fitting vibes imho, take a point",2eb584cb74be4ddeb3839166517564c7
spotify:track:3MjiUnri8uwPoo9pxRMiam,8fc1dc71014e405da1c76d2fc096a6d6,2026-04-03T12:50:36Z,1,"Enjoyed this track, could definitely listen to this while hearing the sound of water in the background",2eb584cb74be4ddeb3839166517564c7
spotify:track:3oiwQKGWKirH1H5qbTsYpG,8fc1dc71014e405da1c76d2fc096a6d6,2026-04-03T12:50:36Z,1,"I could see like a nice sunny day at the lake listening to this song, take a point",2eb584cb74be4ddeb3839166517564c7
spotify:track:56SkdBKyR2zOkjk6wVFI9s,8fc1dc71014e405da1c76d2fc096a6d6,2026-04-03T12:50:36Z,1,"Yeah okay fitting, have a point",2eb584cb74be4ddeb3839166517564c7
spotify:track:7FT7a5DV7Mk6Mc9ZRJnX70,8fc1dc71014e405da1c76d2fc096a6d6,2026-04-03T12:50:36Z,2,"Favorite track on this list, would have gotten 3 points but spread my votes too thin",2eb584cb74be4ddeb3839166517564c7
spotify:track:3MjiUnri8uwPoo9pxRMiam,e9ab942d00e14f5ba05b39991eb26919,2026-04-03T17:03:56Z,2,,2eb584cb74be4ddeb3839166517564c7
spotify:track:6jJsg1sgUYNcPVJVX16Ooe,e9ab942d00e14f5ba05b39991eb26919,2026-04-03T17:03:56Z,1,,2eb584cb74be4ddeb3839166517564c7
spotify:track:6yOgpwztax6vT689Blqxp4,e9ab942d00e14f5ba05b39991eb26919,2026-04-03T17:03:56Z,2,,2eb584cb74be4ddeb3839166517564c7
spotify:track:77Fx1HtDox0xmvmvL23arD,e9ab942d00e14f5ba05b39991eb26919,2026-04-03T17:03:56Z,1,,2eb584cb74be4ddeb3839166517564c7
spotify:track:2XZew78wWeiEiiENhz3Okz,2e30f2794fbd48b09ff2e9d38ecc851d,2026-04-03T18:12:20Z,1,,2eb584cb74be4ddeb3839166517564c7
spotify:track:3MjiUnri8uwPoo9pxRMiam,2e30f2794fbd48b09ff2e9d38ecc851d,2026-04-03T18:12:20Z,1,,2eb584cb74be4ddeb3839166517564c7
spotify:track:56SkdBKyR2zOkjk6wVFI9s,2e30f2794fbd48b09ff2e9d38ecc851d,2026-04-03T18:12:20Z,1,,2eb584cb74be4ddeb3839166517564c7
spotify:track:6jJsg1sgUYNcPVJVX16Ooe,2e30f2794fbd48b09ff2e9d38ecc851d,2026-04-03T18:12:20Z,1,,2eb584cb74be4ddeb3839166517564c7
spotify:track:6yOgpwztax6vT689Blqxp4,2e30f2794fbd48b09ff2e9d38ecc851d,2026-04-03T18:12:20Z,1,,2eb584cb74be4ddeb3839166517564c7
spotify:track:77Fx1HtDox0xmvmvL23arD,2e30f2794fbd48b09ff2e9d38ecc851d,2026-04-03T18:12:20Z,1,,2eb584cb74be4ddeb3839166517564c7
spotify:track:2Gbi6Y5zPHJu5HDtgFUX8a,c1464401e87d41beaf84bf2bf8164ce9,2026-04-03T18:25:05Z,2,,2eb584cb74be4ddeb3839166517564c7
spotify:track:56SkdBKyR2zOkjk6wVFI9s,c1464401e87d41beaf84bf2bf8164ce9,2026-04-03T18:25:05Z,2,,2eb584cb74be4ddeb3839166517564c7
spotify:track:6yOgpwztax6vT689Blqxp4,c1464401e87d41beaf84bf2bf8164ce9,2026-04-03T18:25:05Z,2,,2eb584cb74be4ddeb3839166517564c7
spotify:track:2YXkNT5MQWIB344mAPHTNH,f150238d20e64ce881808ef1e9bcd177,2026-04-03T19:35:25Z,2,TIL I like Jack Johnson. I'd heard of him but never listened.,2eb584cb74be4ddeb3839166517564c7
spotify:track:3MjiUnri8uwPoo9pxRMiam,f150238d20e64ce881808ef1e9bcd177,2026-04-03T19:35:25Z,0,I love how driving this is,2eb584cb74be4ddeb3839166517564c7
spotify:track:5uXacxdjE3cNAzXmtO79o9,f150238d20e64ce881808ef1e9bcd177,2026-04-03T19:35:25Z,3,,2eb584cb74be4ddeb3839166517564c7
spotify:track:6yOgpwztax6vT689Blqxp4,f150238d20e64ce881808ef1e9bcd177,2026-04-03T19:35:25Z,1,"I feel like this doesn't fit the theme, but unprompted it's my fav song here so it gets my last point. Durkadusa Durkadusa Durkadusa...",2eb584cb74be4ddeb3839166517564c7
spotify:track:77Fx1HtDox0xmvmvL23arD,f150238d20e64ce881808ef1e9bcd177,2026-04-03T19:35:25Z,0,I heard OF this song before but never heard it. I love it! It just got beat out by other songs,2eb584cb74be4ddeb3839166517564c7
spotify:track:7FT7a5DV7Mk6Mc9ZRJnX70,f150238d20e64ce881808ef1e9bcd177,2026-04-03T19:35:25Z,0,"I feel like I'm breaking character by not giving this points, but alas I am not a caricature. Followed on spotify...",2eb584cb74be4ddeb3839166517564c7
spotify:track:2YXkNT5MQWIB344mAPHTNH,bf719d27a6cb439ca8b18ff0ed0d13be,2026-04-03T20:03:06Z,0,"A little too sad for river relaxing, but I like it a lot. ",2eb584cb74be4ddeb3839166517564c7
spotify:track:3MjiUnri8uwPoo9pxRMiam,bf719d27a6cb439ca8b18ff0ed0d13be,2026-04-03T20:03:06Z,1,"Top 5 for me...ok, top 4",2eb584cb74be4ddeb3839166517564c7
spotify:track:3oiwQKGWKirH1H5qbTsYpG,bf719d27a6cb439ca8b18ff0ed0d13be,2026-04-03T20:03:06Z,0,Upbeat time on river ,2eb584cb74be4ddeb3839166517564c7
spotify:track:5uXacxdjE3cNAzXmtO79o9,bf719d27a6cb439ca8b18ff0ed0d13be,2026-04-03T20:03:06Z,3,This hit a chord with me. Instant 1st.,2eb584cb74be4ddeb3839166517564c7
spotify:track:6jJsg1sgUYNcPVJVX16Ooe,bf719d27a6cb439ca8b18ff0ed0d13be,2026-04-03T20:03:06Z,0,I like the vibe of the beat a lot,2eb584cb74be4ddeb3839166517564c7
spotify:track:6yOgpwztax6vT689Blqxp4,bf719d27a6cb439ca8b18ff0ed0d13be,2026-04-03T20:03:06Z,1,,2eb584cb74be4ddeb3839166517564c7
spotify:track:7FT7a5DV7Mk6Mc9ZRJnX70,bf719d27a6cb439ca8b18ff0ed0d13be,2026-04-03T20:03:06Z,1,Foreign jazz...yes,2eb584cb74be4ddeb3839166517564c7
