Spotify URI,Title,Album,Artist(s),Submitter ID,Created,Comment,Round ID,Visible To Voters
spotify:track:2m1hi0nfMR9vdGC8UcrnwU,All The Small Things,Enema Of The State,blink-182,4ad89e5b9e954a30b70342f39fb86a85,2025-03-17T15:40:56Z,,2541dcfffe8d45ec9065e13ec8522774,Yes
spotify:track:31AOj9sFz2gM0O3hMARRBx,Losing My Religion,Out Of Time (25th Anniversary Edition),R.E.M.,97ae032e70b54db7b9f3ca34415f6211,2025-03-16T16:54:56Z,,2541dcfffe8d45ec9065e13ec8522774,Yes
spotify:track:3bE5slaVEfaDreqARl6k4M,Yellow Ledbetter,Jeremy,Pearl Jam,2e30f2794fbd48b09ff2e9d38ecc851d,2025-03-16T17:00:20Z,,2541dcfffe8d45ec9065e13ec8522774,Yes
spotify:track:3Ti0GdlrotgwsAVBBugv0I,Can I Kick It?,People's Instinctive Travels and the Paths of Rhythm (25th Anniversary Edition),A Tribe Called Quest,8fc1dc71014e405da1c76d2fc096a6d6,2025-03-16T18:15:42Z,Song takes me to a hot summer day in the 90s every time ,2541dcfffe8d45ec9065e13ec8522774,No
spotify:track:500Tkm3vJmVtdUwdCVxCTb,Run-Around,Four,Blues Traveler,81ea7661d45940668478c76e755fd74f,2025-03-17T02:40:48Z,,2541dcfffe8d45ec9065e13ec8522774,Yes
spotify:track:5ghIJDpPoe3CfHMGu71E6T,Smells Like Teen Spirit,Nevermind (Remastered),Nirvana,e9ab942d00e14f5ba05b39991eb26919,2025-03-16T16:54:18Z,Only the remastered version is on Spotify.  Original released in 1991,2541dcfffe8d45ec9065e13ec8522774,Yes
spotify:track:6txWz9UapYHVxEd7dDIHXT,No Rain,Blind Melon,Blind Melon,c1464401e87d41beaf84bf2bf8164ce9,2025-03-15T18:03:07Z,Quintessential 90s,2541dcfffe8d45ec9065e13ec8522774,Yes
spotify:track:7c378mlmubSu7NGkLFa4sN,Airbag,OK Computer,Radiohead,f150238d20e64ce881808ef1e9bcd177,2025-03-15T17:50:31Z,,2541dcfffe8d45ec9065e13ec8522774,Yes
spotify:track:0I3q5fE6wg7LIfHGngUTnV,Ms. Jackson,Stankonia,Outkast,81ea7661d45940668478c76e755fd74f,2025-03-23T20:24:32Z,,0abec333668b41a1bead42fa3aecf14e,Yes
spotify:track:12cZWGf5ZgLcKubEW9mx5q,HOPE,HOPE,NF,4ad89e5b9e954a30b70342f39fb86a85,2025-03-23T20:26:36Z,the music video for this one is really good ,0abec333668b41a1bead42fa3aecf14e,Yes
spotify:track:1TkWsnheqK0gBtvh07BtNX,$ave Dat Money (feat. Fetty Wap & Rich Homie Quan),Professional Rapper,"Lil Dicky, Fetty Wap, Rich Homie Quan",f150238d20e64ce881808ef1e9bcd177,2025-03-24T15:56:11Z,Watch the video on YouTube if you haven't seen it,0abec333668b41a1bead42fa3aecf14e,Yes
spotify:track:2dKkVF2m160z0RNDN2dddc,NISSAN ALTIMA,Alligator Bites Never Heal,Doechii,2e30f2794fbd48b09ff2e9d38ecc851d,2025-03-25T14:08:24Z,,0abec333668b41a1bead42fa3aecf14e,No
spotify:track:3EtyEzMpfKSaoVhPunvbRV,Leave Me Alone,The Search,NF,97ae032e70b54db7b9f3ca34415f6211,2025-03-25T01:01:24Z,,0abec333668b41a1bead42fa3aecf14e,Yes
spotify:track:4cxvludVmQxryrnx1m9FqL,My Shot,Hamilton (Original Broadway Cast Recording),"Lin-Manuel Miranda, Daveed Diggs, Okieriete Onaodowan, Leslie Odom Jr., Original Broadway Cast of Hamilton",bf719d27a6cb439ca8b18ff0ed0d13be,2025-03-25T13:23:51Z,"Lyrical genius, you say. I got you. ",0abec333668b41a1bead42fa3aecf14e,No
spotify:track:4vjVaeEuQ5QeDJvkK37L5C,Supreme,New York EP,Angel Haze,d9df39ebaa4148dcad17d8311666f155,2025-03-23T17:13:36Z,This shit is fire. Female rapper and fairly obscure. ,0abec333668b41a1bead42fa3aecf14e,Yes
spotify:track:7L3YDa0Fd8pmzpAyu6EKOS,Fragile,Something Else,"Tech N9ne, Kendrick Lamar, ¡MAYDAY!, Kendall Morgan",8fc1dc71014e405da1c76d2fc096a6d6,2025-03-23T19:05:46Z,These two both getting their flowers,0abec333668b41a1bead42fa3aecf14e,No
spotify:track:7satW8tFLasyZbftvrWFBP,Legend Has It,Run The Jewels 3,"Run The Jewels, El-P, Killer Mike",e9ab942d00e14f5ba05b39991eb26919,2025-03-24T03:58:11Z,🔥,0abec333668b41a1bead42fa3aecf14e,Yes
spotify:track:04wrnpT0QumuU3GPWbf0VV,"Should I Stay Or Should I Go - From The TV Show ""Wicked City""","Should I Stay Or Should I Go (From The TV Show ""Wicked City"")",KT Tunstall,bf719d27a6cb439ca8b18ff0ed0d13be,2025-03-28T23:31:13Z,,2da4c9b198f24b9aa4a57ee785923e32,No
spotify:track:0aduw22sSqMFlzBpkXdffi,Brown Eyed Girl,"Fame, Fortune, And Fornication",Reel Big Fish,f150238d20e64ce881808ef1e9bcd177,2025-03-30T15:22:01Z,,2da4c9b198f24b9aa4a57ee785923e32,No
spotify:track:0UYPJogBP1JDvfTSSbEvL0,The Sound of Silence - Live on CONAN,The Sound of Silence (Live on CONAN),Disturbed,97ae032e70b54db7b9f3ca34415f6211,2025-03-31T12:52:17Z,,2da4c9b198f24b9aa4a57ee785923e32,Yes
spotify:track:0uYVJ8z5kgMayMNPJA6Cz9,Running Up That Hill,Covers,Placebo,d9df39ebaa4148dcad17d8311666f155,2025-03-29T00:08:57Z,,2da4c9b198f24b9aa4a57ee785923e32,Yes
spotify:track:1FGvbfMafLBdymgrtGAZYh,Stand By Me,Songs From Final Fantasy XV,Florence + The Machine,f63ca7ec9e004703b2fac04e2d41e8d7,2025-03-31T11:48:19Z,,2da4c9b198f24b9aa4a57ee785923e32,Yes
spotify:track:28cnXtME493VX9NOw9cIUh,Hurt,American IV: The Man Comes Around,Johnny Cash,8fc1dc71014e405da1c76d2fc096a6d6,2025-03-31T12:07:27Z,"One of the all time best covers. If you haven’t seen the music video, check it out but be prepared for the feels.",2da4c9b198f24b9aa4a57ee785923e32,No
spotify:track:3a9urnht8HvfFzPwd0ipx6,Holy Diver,As Daylight Dies (Special Edition),Killswitch Engage,4ad89e5b9e954a30b70342f39fb86a85,2025-03-28T23:36:20Z,Hopefully y'all like metal,2da4c9b198f24b9aa4a57ee785923e32,Yes
spotify:track:4THrHKyBL0yaDDw9yg37Zk,I Will Survive,Fashion Nugget,CAKE,c1464401e87d41beaf84bf2bf8164ce9,2025-03-29T20:11:11Z,I will survive ,2da4c9b198f24b9aa4a57ee785923e32,Yes
spotify:track:5hOaRdlUqUSZ5nv8kQx1DF,Don't You (Forget About Me),Covers One,The Wind and The Wave,81ea7661d45940668478c76e755fd74f,2025-03-31T11:15:03Z,,2da4c9b198f24b9aa4a57ee785923e32,Yes
spotify:track:6nLvaCZFR1wEzW3sIKpsnr,"Valerie - Live At BBC Radio 1 Live Lounge, London / 2007",Back To Black (Deluxe Edition),Amy Winehouse,2e30f2794fbd48b09ff2e9d38ecc851d,2025-03-29T00:23:25Z,,2da4c9b198f24b9aa4a57ee785923e32,Yes
spotify:track:6nMVvNOIKiJY6XOIFwFwLE,Stockholm Syndrome,ERRA (Deluxe),ERRA,e9ab942d00e14f5ba05b39991eb26919,2025-03-29T00:25:21Z,A Muse cover,2da4c9b198f24b9aa4a57ee785923e32,Yes
spotify:track:11IzgLRXV7Cgek3tEgGgjw,Under Pressure - Remastered 2011,Hot Space (Deluxe Remastered Version),"Queen, David Bowie",bf719d27a6cb439ca8b18ff0ed0d13be,2025-04-05T06:47:00Z,,feeebc9867a84d3dbe21e84a95548551,No
spotify:track:2374M0fQpWi3dLnB54qaLX,Africa,Toto IV,TOTO,f150238d20e64ce881808ef1e9bcd177,2025-04-05T06:46:40Z,,feeebc9867a84d3dbe21e84a95548551,No
spotify:track:2WfaOiMkCvy7F5fcp2zZ8L,Take on Me,Hunting High and Low,a-ha,c1464401e87d41beaf84bf2bf8164ce9,2025-04-06T18:27:48Z,,feeebc9867a84d3dbe21e84a95548551,Yes
spotify:track:35E2eKIEXXnP5q9L51iOAk,The Killing Moon,Ocean Rain (Expanded; 2007 Remaster),Echo & the Bunnymen,8fc1dc71014e405da1c76d2fc096a6d6,2025-04-04T23:09:03Z,It’s probably a little over played but I absolutely love this song,feeebc9867a84d3dbe21e84a95548551,No
spotify:track:3fH4KjXFYMmljxrcGrbPj9,Don't You (Forget About Me),Once Upon A Time (Super Deluxe),Simple Minds,11eed1cff5404ebe8d9a53f5e6525f72,2025-04-06T02:31:08Z,Julie said that if I don't add a comment that would mean my butthole would explode,feeebc9867a84d3dbe21e84a95548551,Yes
spotify:track:4PTG3Z6ehGkBFwjybzWkR8,Never Gonna Give You Up,Whenever You Need Somebody,Rick Astley,2e30f2794fbd48b09ff2e9d38ecc851d,2025-04-04T22:36:45Z,,feeebc9867a84d3dbe21e84a95548551,Yes
spotify:track:4RvWPyQ5RL0ao9LPZeSouE,Everybody Wants To Rule The World,Songs From The Big Chair (Super Deluxe Edition),Tears For Fears,97ae032e70b54db7b9f3ca34415f6211,2025-04-07T07:17:17Z,,feeebc9867a84d3dbe21e84a95548551,Yes
spotify:track:5DrNFzZZZVfXaEZCaceKnp,Seek & Destroy (Remastered),Kill 'Em All (Remastered),Metallica,4ad89e5b9e954a30b70342f39fb86a85,2025-04-06T13:54:40Z,,feeebc9867a84d3dbe21e84a95548551,Yes
spotify:track:5uRsBdLhn91AYcsTCOGNOC,Sunglasses At Night,First Offense,Corey Hart,e9ab942d00e14f5ba05b39991eb26919,2025-04-06T02:21:14Z,-o_o-,feeebc9867a84d3dbe21e84a95548551,Yes
spotify:track:7akWKDSf4k0Q0AHGoG91hu,The Look,Don't Bore Us - Get to the Chorus! Roxette's Greatest Hits,Roxette,81ea7661d45940668478c76e755fd74f,2025-04-07T10:50:42Z,,feeebc9867a84d3dbe21e84a95548551,Yes
spotify:track:7L3b6iaVhDVjfo52Hbvh9Z,Edge of Seventeen - 2016 Remaster,Bella Donna (2016 Remastered),Stevie Nicks,d9df39ebaa4148dcad17d8311666f155,2025-04-06T02:33:42Z,,feeebc9867a84d3dbe21e84a95548551,Yes
spotify:track:0FLwYQoXvX8q5iRZnFX59u,Hi Ren,Hi Ren,Ren,2e30f2794fbd48b09ff2e9d38ecc851d,2025-04-12T17:03:06Z,The video for this one is wild too,1e053f681cd541dfb52294f97577476e,Yes
spotify:track:0HGT8P2iYR6MEglz2iDyg4,Act I: Chasing Suns,Tiger And The Duke,The Sound Of Animals Fighting,f150238d20e64ce881808ef1e9bcd177,2025-04-14T13:59:13Z,the whole album is weird and great!,1e053f681cd541dfb52294f97577476e,Yes
spotify:track:0Rs9oXTRtpOJZMe7guExYP,waste,waste,unpeople,8fc1dc71014e405da1c76d2fc096a6d6,2025-04-12T14:19:45Z,"Just discovered this band, probably sacrificing getting optimal points but I hope you all enjoy them!",1e053f681cd541dfb52294f97577476e,No
spotify:track:10z9LtDMrXgtXcFSNdXcNq,Tres Brujas,Warp Riders,The Sword,81ea7661d45940668478c76e755fd74f,2025-04-14T12:28:37Z,,1e053f681cd541dfb52294f97577476e,Yes
spotify:track:1Fj3SwH4PwLL0N1y6e0ojz,Cry of the Black Birds,With Oden On Our Side,Amon Amarth,d9df39ebaa4148dcad17d8311666f155,2025-04-12T17:28:47Z,Viking metal. Yum. ,1e053f681cd541dfb52294f97577476e,Yes
spotify:track:1fLlRApgzxWweF1JTf8yM5,Given Up,Minutes to Midnight,Linkin Park,bf719d27a6cb439ca8b18ff0ed0d13be,2025-04-13T20:08:33Z,,1e053f681cd541dfb52294f97577476e,No
spotify:track:3uI2rT7HombsDqtFexR1Xa,Binge and Purge - 2025 Remaster,"Transnational Speedway League: Anthems, Anecdotes And Undeniable Truths (2025 Remaster)",Clutch,c1464401e87d41beaf84bf2bf8164ce9,2025-04-12T17:18:55Z,LET'S THROW DOWWWNNNN,1e053f681cd541dfb52294f97577476e,Yes
spotify:track:4EFb9FhLyFiDbYKwBwDZre,We Got the Moves,We Got the Moves,Electric Callboy,4ad89e5b9e954a30b70342f39fb86a85,2025-04-12T00:17:57Z,WE GOT THE MOVES OH YEAH,1e053f681cd541dfb52294f97577476e,Yes
spotify:track:4TaEPaKyTE9V1dTFUg3qdE,Artificial Life,Artificial Life,Andromida,e9ab942d00e14f5ba05b39991eb26919,2025-04-14T03:50:03Z,,1e053f681cd541dfb52294f97577476e,Yes
spotify:track:663Karu2rvKLdnY0eo1n3M,Call Me When You're Sober,The Open Door,Evanescence,11eed1cff5404ebe8d9a53f5e6525f72,2025-04-14T05:39:17Z,*💅Scornedcore💅*,1e053f681cd541dfb52294f97577476e,Yes
spotify:track:7d8A4J6wZiesJuLDxG3LSs,Lorn,Lovelorn,"Before I Turn, Shawn Milke",4bef5cf5b9314383b6c61a18935d5f4d,2025-04-12T01:43:17Z,,1e053f681cd541dfb52294f97577476e,Yes
spotify:track:0B4YX3OMtZSmPm9KpiZKl2,Alkaline,This Place Will Become Your Tomb,Sleep Token,8fc1dc71014e405da1c76d2fc096a6d6,2025-04-19T01:22:28Z,Sleep Token been blowing up and they  announced a US tour this year. Highly recommend checking them out if you enjoy rock,57d05df388ae489fb47633000f5f5943,No
spotify:track:0pAbgUM52zwMJwimnju0tG,The Way We Touch,We Are Twin,WE ARE TWIN,81ea7661d45940668478c76e755fd74f,2025-04-19T15:17:15Z,,57d05df388ae489fb47633000f5f5943,Yes
spotify:track:28euH5Ny1JXxZAt2KjWp62,You Give Me Something,Undiscovered,James Morrison,2e30f2794fbd48b09ff2e9d38ecc851d,2025-04-20T18:33:46Z,,57d05df388ae489fb47633000f5f5943,Yes
spotify:track:2G8tfTExxzpRKssKzKwDYV,Simple And Clean,COLORS,Hikaru Utada,ab24c78104ff4746a452998ff54bc542,2025-04-20T23:08:16Z,,57d05df388ae489fb47633000f5f5943,Yes
spotify:track:3be5ey9pSoqLBu6UNtoRCc,The Point Of It All,The Point Of It All,Anthony Hamilton,f63ca7ec9e004703b2fac04e2d41e8d7,2025-04-21T13:56:04Z,,57d05df388ae489fb47633000f5f5943,Yes
spotify:track:3nvPRRE12tv4AL180tALJj,Hearts Ain’t Gonna Lie 2024,Hearts Ain’t Gonna Lie 2024,Arlissa,e9ab942d00e14f5ba05b39991eb26919,2025-04-20T19:32:49Z,</3,57d05df388ae489fb47633000f5f5943,Yes
spotify:track:4rHZZAmHpZrA3iH5zx8frV,Mirrors,The 20/20 Experience (Deluxe Version),Justin Timberlake,bf719d27a6cb439ca8b18ff0ed0d13be,2025-04-20T20:53:52Z,,57d05df388ae489fb47633000f5f5943,No
spotify:track:5jZBn6jnhdZUGnpooAMnwF,I've Got My Love To Keep Me Warm,Stay With Me,Billie Holiday,f150238d20e64ce881808ef1e9bcd177,2025-04-21T15:26:05Z,,57d05df388ae489fb47633000f5f5943,Yes
spotify:track:5YjKdeES9QRJ8NmF4Xc8pV,All I Wanna Do Is Make Love To You,Brigade,Heart,d9df39ebaa4148dcad17d8311666f155,2025-04-20T15:42:24Z,Classic ,57d05df388ae489fb47633000f5f5943,Yes
spotify:track:6lFUdRItQEsEuD7dSINL47,Follow You,That's The Spirit,Bring Me The Horizon,4bef5cf5b9314383b6c61a18935d5f4d,2025-04-19T17:17:40Z,,57d05df388ae489fb47633000f5f5943,Yes
spotify:track:6o0kogmiHd9sfWZkXrPpZC,Last Man Standing,A Hometown Odyssey,Livingston,4ad89e5b9e954a30b70342f39fb86a85,2025-04-18T23:46:24Z,,57d05df388ae489fb47633000f5f5943,No
spotify:track:756CJtQRFSxEx9jV4P9hpA,I Believe in a Thing Called Love,Permission to Land,The Darkness,c1464401e87d41beaf84bf2bf8164ce9,2025-04-20T18:02:32Z,,57d05df388ae489fb47633000f5f5943,Yes
spotify:track:0lwkzF4dDxLp8HMVSQjpFf,HOOLIGANG,PUNK TACTICS,Joey Valence & Brae,8fc1dc71014e405da1c76d2fc096a6d6,2025-04-26T03:53:19Z,"If you like the Beastie Boys, you’re welcome",79b880b9dbf848fab989afe2f3017881,No
spotify:track:1DcBU8x5d7BrCIcgTfIRzk,Full Circle,Full Circle,HÆLOS,d9df39ebaa4148dcad17d8311666f155,2025-04-27T16:10:40Z,This resonates with my soul. Please give it a try. ,79b880b9dbf848fab989afe2f3017881,Yes
spotify:track:1k2pQc5i348DCHwbn5KTdc,Pink Pony Club,The Rise and Fall of a Midwest Princess,Chappell Roan,2e30f2794fbd48b09ff2e9d38ecc851d,2025-04-28T13:27:24Z,🐴✨💖,79b880b9dbf848fab989afe2f3017881,Yes
spotify:track:2wJJNgD6GrKoQ435VxTRv6,MAYDAY (feat. Ryo from Crystal Lake),THE SIDE EFFECTS,"coldrain, Ryo",ab24c78104ff4746a452998ff54bc542,2025-04-28T15:30:11Z,,79b880b9dbf848fab989afe2f3017881,Yes
spotify:track:3CRDbSIZ4r5MsZ0YwxuEkn,Stressed Out,Blurryface,Twenty One Pilots,11eed1cff5404ebe8d9a53f5e6525f72,2025-04-27T03:51:19Z,Timeless nostalgia,79b880b9dbf848fab989afe2f3017881,Yes
spotify:track:43wVj2ZOEyhIKWKBJWdxT2,God Killed Rock And Roll,Viva Las Vengeance,Panic! At The Disco,bf719d27a6cb439ca8b18ff0ed0d13be,2025-04-28T15:18:17Z,This entire album is a masterpiece ,79b880b9dbf848fab989afe2f3017881,No
spotify:track:4CiVz4bw7X1zjCaJ5ZwxUS,Watch The World Burn,Watch The World Burn,Falling In Reverse,4ad89e5b9e954a30b70342f39fb86a85,2025-04-25T22:53:25Z,This guy does a bit of everything from rock to rap to opera,79b880b9dbf848fab989afe2f3017881,Yes
spotify:track:4jFLw7QqWlv3lZr980HyYW,how will i rest in peace if i'm buried by a highway?//,how will i rest in peace if i'm buried by a highway?//,KennyHoopla,c1464401e87d41beaf84bf2bf8164ce9,2025-04-25T23:07:13Z,,79b880b9dbf848fab989afe2f3017881,Yes
spotify:track:4t4veTYSVvPHSWSlLMAvRC,Fire,Fire,House of Protection,e9ab942d00e14f5ba05b39991eb26919,2025-04-28T12:01:38Z,,79b880b9dbf848fab989afe2f3017881,Yes
spotify:track:4XP2xY8tUYed1cceuh24Q8,Bedroom Eyes (feat. Studio Killers),Bedroom Eyes (feat. Studio Killers),"The Knocks, Studio Killers",81ea7661d45940668478c76e755fd74f,2025-04-27T16:04:57Z,,79b880b9dbf848fab989afe2f3017881,Yes
spotify:track:79ckbJiCdKrGYPTmpFlc7u,SHELL ( OF A MAN ),SAYA,Saya Gray,f150238d20e64ce881808ef1e9bcd177,2025-04-28T04:06:34Z,"Not even my favorite on this album, this random new discovery is living rent-free in my brain",79b880b9dbf848fab989afe2f3017881,Yes
spotify:track:7bGzUyc4a949g2c0EIzMpx,Tsunami Sea,Tsunami Sea,Spiritbox,4bef5cf5b9314383b6c61a18935d5f4d,2025-04-27T15:07:10Z,,79b880b9dbf848fab989afe2f3017881,Yes
spotify:track:0a1lNJpEUI3bOTI5VEdgaP,i do,攻殻機動隊 STAND ALONE COMPLEX　O.S.T.2,Ilaria Graziano,ab24c78104ff4746a452998ff54bc542,2025-05-02T23:14:11Z,,fef81d025f9344578120c4a0b215ac79,Yes
spotify:track:0kdqcbwei4MDWFEX5f33yG,Bling-Bang-Bang-Born,Bling-Bang-Bang-Born,Creepy Nuts,2e30f2794fbd48b09ff2e9d38ecc851d,2025-05-04T12:50:55Z,🕺🕺,fef81d025f9344578120c4a0b215ac79,Yes
spotify:track:0nkugoUGIXyj0kqUyJScSm,Tout laisser tomber,Libérer l'animal,Raffy,bf719d27a6cb439ca8b18ff0ed0d13be,2025-05-05T15:16:14Z,,fef81d025f9344578120c4a0b215ac79,No
spotify:track:0uMMLry3hzWGn3q3loqMkm,La Bamba,La Bamba / Charlena,Los Lobos,c1464401e87d41beaf84bf2bf8164ce9,2025-05-02T23:37:09Z,I knew almost all the words to this when I was kid. Despite never knowing what I was saying or any Spanish. ,fef81d025f9344578120c4a0b215ac79,Yes
spotify:track:1rN9QoVxw5U7TJkyaUR8C1,unravel,Fantastic Magic,TK from Ling tosite sigure,f150238d20e64ce881808ef1e9bcd177,2025-05-03T14:50:09Z,,fef81d025f9344578120c4a0b215ac79,Yes
spotify:track:2G9Tsm7ztGlVAN0e6q5KbK,Senbonzakura,Vocalo Zanmai,WagakkiBand,4bef5cf5b9314383b6c61a18935d5f4d,2025-05-05T11:47:43Z,,fef81d025f9344578120c4a0b215ac79,Yes
spotify:track:2sJ4bGLJ2Cyd1oLNsGWzMe,Little Busters,Flcl (Original Soundtrack),the pillows,d9df39ebaa4148dcad17d8311666f155,2025-05-03T03:02:24Z,FLCL is such a good anime. This music is nostalgia. ,fef81d025f9344578120c4a0b215ac79,Yes
spotify:track:51o21I12ZFahXaCviz95M6,お先に失礼します。,来世は偉人！,花冷え。,4ad89e5b9e954a30b70342f39fb86a85,2025-05-03T03:04:11Z,"English Name is (Pardon Me, I Have To Go Now) - Music Video 【HANABIE.】",fef81d025f9344578120c4a0b215ac79,Yes
spotify:track:52Zr0sinhWTCRrQhRRY4EP,Dragostea din tei,DiscO-Zone,O-Zone,11eed1cff5404ebe8d9a53f5e6525f72,2025-05-03T21:04:22Z,Numa Numa or die,fef81d025f9344578120c4a0b215ac79,Yes
spotify:track:5KTZgG84bKFGm53lhLtTqc,Mwaki,SURRENDER,"Zerb, Sofiya Nzau",8fc1dc71014e405da1c76d2fc096a6d6,2025-05-03T05:06:12Z,"The language is Kikuyu, a tribal Kenyan language ",fef81d025f9344578120c4a0b215ac79,No
spotify:track:5m1ZehZ0JVsoy0XSP2iZLg,Babylon,Higumo,"Ondubground, Big Red",e9ab942d00e14f5ba05b39991eb26919,2025-05-02T23:42:50Z,,fef81d025f9344578120c4a0b215ac79,Yes
spotify:track:7zuuWZo0MyOdG3VHg1Mgml,Headbangeeeeerrrrr!!!!!,BABYMETAL,BABYMETAL,81ea7661d45940668478c76e755fd74f,2025-05-04T12:51:28Z,,fef81d025f9344578120c4a0b215ac79,Yes
spotify:track:0nyD5KLTR52cRcPKeewrvA,Bad Apple,Bad Apple,Cameron Whitcomb,4ad89e5b9e954a30b70342f39fb86a85,2025-05-09T22:43:10Z,,5ab1ce81bff444d3b1b77cfb9591afdc,Yes
spotify:track:0s995gCthqnYJCWGvfKpNt,"One Bourbon, One Scotch, One Beer",George Thorogood & the Destroyers,George Thorogood & The Destroyers,d9df39ebaa4148dcad17d8311666f155,2025-05-09T22:50:48Z,,5ab1ce81bff444d3b1b77cfb9591afdc,Yes
spotify:track:19Y3ryW6Sh9VJFE6OzQ9m5,Run Devil Run,Tall Tales & Fables,Haunted Like Human,4bef5cf5b9314383b6c61a18935d5f4d,2025-05-11T20:05:12Z,,5ab1ce81bff444d3b1b77cfb9591afdc,Yes
spotify:track:1nOEnc4w1DeeIFJBw5F2ID,Vegas - A COLORS SHOW,Vegas - A COLORS SHOW,"Shaboozey, COLORS",8fc1dc71014e405da1c76d2fc096a6d6,2025-05-09T22:32:53Z,,5ab1ce81bff444d3b1b77cfb9591afdc,No
spotify:track:1rZT4XYcftkdnZOpTuYZxs,"Lord, We Get High",Nowhere Bound,The Fox Hunt,11eed1cff5404ebe8d9a53f5e6525f72,2025-05-11T17:07:26Z,"Bluegrass counts, don't shoot me.",5ab1ce81bff444d3b1b77cfb9591afdc,Yes
spotify:track:1YYhDizHx7PnDhAhko6cDS,"Take Me Home, Country Roads - Original Version","Poems, Prayers and Promises",John Denver,ab24c78104ff4746a452998ff54bc542,2025-05-12T13:42:04Z,,5ab1ce81bff444d3b1b77cfb9591afdc,Yes
spotify:track:2475jOxSgYpZbR84rRyeA8,Black Clouds,Carnival '99,The String Cheese Incident,f150238d20e64ce881808ef1e9bcd177,2025-05-11T16:24:05Z,,5ab1ce81bff444d3b1b77cfb9591afdc,Yes
spotify:track:2Fs3BXtegC7uLQy7ElpETE,Bugs,Bugs,Jesse Welles,81ea7661d45940668478c76e755fd74f,2025-05-11T11:28:30Z,Pretty cute song,5ab1ce81bff444d3b1b77cfb9591afdc,Yes
spotify:track:2Zex8WGvzPmJFAouUSA1fC,I Love Doing Drugs,Spirits,The Devil Makes Three,e9ab942d00e14f5ba05b39991eb26919,2025-05-10T12:03:41Z,,5ab1ce81bff444d3b1b77cfb9591afdc,Yes
spotify:track:3duP6mBVDsHM8ioN7o7dAK,Boondocks,The Road To Here,Little Big Town,2e30f2794fbd48b09ff2e9d38ecc851d,2025-05-10T12:28:23Z,,5ab1ce81bff444d3b1b77cfb9591afdc,Yes
spotify:track:3xdjjKMcMOFgo1eQrfbogM,Wagon Wheel,True Believers,Darius Rucker,f63ca7ec9e004703b2fac04e2d41e8d7,2025-05-12T13:05:57Z,Remember this from my first WV visit lol,5ab1ce81bff444d3b1b77cfb9591afdc,Yes
spotify:track:5FGStn8OcEzH4VWPIF8dIv,Cumberland Gap,Poor David's Almanack,David Rawlings,c1464401e87d41beaf84bf2bf8164ce9,2025-05-09T23:13:39Z,,5ab1ce81bff444d3b1b77cfb9591afdc,Yes
spotify:track:7DQjWFjaiPULrsqgsZueF3,If It Hadn't Been For Love,The SteelDrivers,The Steeldrivers,bf719d27a6cb439ca8b18ff0ed0d13be,2025-05-12T13:29:10Z,Bluegrass/folk with a hint of classic country storytelling ,5ab1ce81bff444d3b1b77cfb9591afdc,Yes
spotify:track:0COWVvFfJ7sPNI8CIS6TU7,Title and Registration,Transatlanticism (10th Anniversary Edition),Death Cab for Cutie,ab24c78104ff4746a452998ff54bc542,2025-05-19T14:04:26Z,,9fbf60ea1ca44aa1a2c0cfe46937246a,Yes
spotify:track:1YM3cVri0CmSX7c71gwALR,The Trip - 2023 Remaster,Strange Pleasures: 10th Anniversary Edition (2023 Remaster),Still Corners,d9df39ebaa4148dcad17d8311666f155,2025-05-17T04:00:56Z,I mean the name is The Trip for God's sake. Also this is such a deep building vibe I can't get enough. ,9fbf60ea1ca44aa1a2c0cfe46937246a,Yes
spotify:track:2hmL7oIcP2q0WaW0kupz4G,Vega,Vega,LXST CXNTURY,11eed1cff5404ebe8d9a53f5e6525f72,2025-05-16T23:23:44Z,I am not responsible for your subsequent speeding tickets.,9fbf60ea1ca44aa1a2c0cfe46937246a,Yes
spotify:track:2jawkv0nQfqrAcf1D1EQNg,Photosynthesis,Love Ire & Song,Frank Turner,c1464401e87d41beaf84bf2bf8164ce9,2025-05-18T18:52:47Z,An all time favorite. ,9fbf60ea1ca44aa1a2c0cfe46937246a,Yes
spotify:track:2KnQDBg73g1AfjZnIlhhH4,Vertigo,Elements,Siamese,4bef5cf5b9314383b6c61a18935d5f4d,2025-05-18T16:22:41Z,,9fbf60ea1ca44aa1a2c0cfe46937246a,Yes
spotify:track:2RJfK2pOvGpnxC255YOy5k,Rose-Colored Boy,After Laughter,Paramore,bf719d27a6cb439ca8b18ff0ed0d13be,2025-05-16T23:01:23Z,,9fbf60ea1ca44aa1a2c0cfe46937246a,No
spotify:track:47lPVbZUh9547oTjx6J4ZV,Professor X,Professor X,Dave,8fc1dc71014e405da1c76d2fc096a6d6,2025-05-19T09:14:49Z,"“I’m tweakin’ tweakin’, 120 on the M-way speedin”
Time to introduce you all to Dave, we cruisin around town to this.",9fbf60ea1ca44aa1a2c0cfe46937246a,Yes
spotify:track:4eMxLQtSdgxdA1Hs6D2YuN,In Hell I'll Be in Good Company,Good Company,The Dead South,4ad89e5b9e954a30b70342f39fb86a85,2025-05-16T22:48:41Z,,9fbf60ea1ca44aa1a2c0cfe46937246a,Yes
spotify:track:4lcnmk02v9b4i9ICtFupEV,Don't Stop Me Now - Remastered,Greatest Hits - We Will Rock You Edition,Queen,2e30f2794fbd48b09ff2e9d38ecc851d,2025-05-18T17:18:38Z,,9fbf60ea1ca44aa1a2c0cfe46937246a,Yes
spotify:track:4SbbITIMdUlSMqQtnpcnar,Parallel,Ex Machina,"Metrik, Grafix",e9ab942d00e14f5ba05b39991eb26919,2025-05-18T17:08:49Z,"It's summer, windows are down, and I'm blasting DnB down the highway",9fbf60ea1ca44aa1a2c0cfe46937246a,Yes
spotify:track:50Q7FDIELeKTyybTyXfB8E,Plasticworld,Hold Your Colour,"Pendulum, MC Fats, TC",f150238d20e64ce881808ef1e9bcd177,2025-05-19T13:01:47Z,,9fbf60ea1ca44aa1a2c0cfe46937246a,Yes
spotify:track:6e4bVaS4lIRrdh42v3iB26,Liberty Mother - Bonus Track,Magic Valley,Goodbye June,81ea7661d45940668478c76e755fd74f,2025-05-18T21:41:32Z,,9fbf60ea1ca44aa1a2c0cfe46937246a,Yes
spotify:track:04l27PkpdTLSNXE1ZHtlkA,"The Rite of Spring, K15, Pt. 1: IV. Spring Rounds",Stravinsky: The Rite of Spring / Bartók: Concerto for Orchestra,"Igor Stravinsky, Berliner Philharmoniker, Herbert von Karajan",bf719d27a6cb439ca8b18ff0ed0d13be,2025-05-26T15:21:57Z,I considered sending the full 22 minute piece. But here's one of my favorite sections: Spring Rounds.,24e58e0f82254d4b9ba7d9eab6a00292,Yes
spotify:track:0qn4NzhXrcy4R9RtHv1uQQ,Willowcrest,The Lost Tapes,Buddy Rich,e9ab942d00e14f5ba05b39991eb26919,2025-05-26T13:26:59Z,,24e58e0f82254d4b9ba7d9eab6a00292,Yes
spotify:track:2qlo9lm8HSqy7T2dxiOZY6,Crystallize,Lindsey Stirling,Lindsey Stirling,8fc1dc71014e405da1c76d2fc096a6d6,2025-05-26T15:08:57Z,,24e58e0f82254d4b9ba7d9eab6a00292,No
spotify:track:4S0zagxseJHOL5ZVnTQA6X,Playing God,Remember That You Will Die,Polyphia,4ad89e5b9e954a30b70342f39fb86a85,2025-05-23T22:32:01Z,,24e58e0f82254d4b9ba7d9eab6a00292,No
spotify:track:5aaRKAxnbEwyFJ77AweDUW,The Legend Of Zelda,The Legend of Zelda,August Burns Red,4bef5cf5b9314383b6c61a18935d5f4d,2025-05-25T21:42:37Z,I've never even played a Zelda game. Lol ,24e58e0f82254d4b9ba7d9eab6a00292,Yes
spotify:track:6JYotxy4c7udAdEgIEQsXE,"Drowning Together, Dying Alone",Cover Your Heart,Black Light Burns,d9df39ebaa4148dcad17d8311666f155,2025-05-23T22:41:02Z,,24e58e0f82254d4b9ba7d9eab6a00292,Yes
spotify:track:7D1wLtyGaUppoqMleM6VqT,Acid Rain,Liquid Tension Experiment 2,"Liquid Tension Experiment, John Petrucci, Mike Portnoy, Tony Levin, Jordan Rudess",f150238d20e64ce881808ef1e9bcd177,2025-05-26T14:36:24Z,,24e58e0f82254d4b9ba7d9eab6a00292,Yes
spotify:track:7gNK9VFPlJSWRCXt78qF7H,Odyssey,Odyssey,"SunSquabi, GRiZ",2e30f2794fbd48b09ff2e9d38ecc851d,2025-05-23T22:36:13Z,Funky funk funkenstein,24e58e0f82254d4b9ba7d9eab6a00292,Yes
spotify:track:7oKa0C9hmNmgNdI4n9eJqI,Gold Member - Radio Mix,No Definition Present Deep Tales 02,Me & My Toothbrush,81ea7661d45940668478c76e755fd74f,2025-05-25T16:35:34Z,,24e58e0f82254d4b9ba7d9eab6a00292,Yes
spotify:track:07xFI3lN7ILqP8YaNUxA6d,The Devil Takes Care of His Own,Sweet Sour,Band Of Skulls,c1464401e87d41beaf84bf2bf8164ce9,2025-06-01T18:58:11Z,Cut the sleeves off your shirts and make your way to the front of the stage. ,46d1bc29cde742bfa3967ffcf7dc68f5,Yes
spotify:track:1FkoVC85Ds3mFoK0fVqEqP,Self Esteem,Smash,The Offspring,ab24c78104ff4746a452998ff54bc542,2025-06-02T13:16:38Z,,46d1bc29cde742bfa3967ffcf7dc68f5,Yes
spotify:track:2opyAm6zOyjR0An5LkblfN,Make Me Wanna Die,Light Me Up,The Pretty Reckless,4bef5cf5b9314383b6c61a18935d5f4d,2025-06-02T01:21:38Z,In case you were wondering what the girl who played Cindy Lou Who in The Grinch has been up to. ,46d1bc29cde742bfa3967ffcf7dc68f5,Yes
spotify:track:36teC6wWd9VpGIZhID3CCH,Neon Tide,Neon Tide,BOI WHAT,4ad89e5b9e954a30b70342f39fb86a85,2025-05-30T22:31:47Z,"Oh lol its a dude making a song about spongebob....wait.....why is it so good?
- normal reaction",46d1bc29cde742bfa3967ffcf7dc68f5,Yes
spotify:track:3qT4bUD1MaWpGrTwcvguhb,Black Dog - Remaster,Led Zeppelin IV (Deluxe Edition),Led Zeppelin,bf719d27a6cb439ca8b18ff0ed0d13be,2025-06-02T15:52:57Z,,46d1bc29cde742bfa3967ffcf7dc68f5,No
spotify:track:53mkoU4zonxWTbgcNOYy1b,FLY AGAIN,GLOW ON,Turnstile,8fc1dc71014e405da1c76d2fc096a6d6,2025-05-30T23:02:41Z,,46d1bc29cde742bfa3967ffcf7dc68f5,No
spotify:track:5meJWQuHyHDsOjWF8AtSDe,The Widow,Frances the Mute,The Mars Volta,f150238d20e64ce881808ef1e9bcd177,2025-05-31T17:27:22Z,it's okay to skip the last couple minutes,46d1bc29cde742bfa3967ffcf7dc68f5,Yes
spotify:track:5wQnmLuC1W7ATsArWACrgW,Welcome to the Black Parade,The Black Parade,My Chemical Romance,2e30f2794fbd48b09ff2e9d38ecc851d,2025-06-01T20:12:18Z,,46d1bc29cde742bfa3967ffcf7dc68f5,Yes
spotify:track:6ctbCIikHbC6tSOL1rewQX,Low,Kerosene Hat,Cracker,d9df39ebaa4148dcad17d8311666f155,2025-06-01T16:14:44Z,I just love this energy. ,46d1bc29cde742bfa3967ffcf7dc68f5,Yes
spotify:track:7lFgli7y2vo7sjgynHZzBP,Kickapoo,The Pick Of Destiny,Tenacious D,11eed1cff5404ebe8d9a53f5e6525f72,2025-06-02T01:52:55Z,,46d1bc29cde742bfa3967ffcf7dc68f5,Yes
spotify:track:7ne867SdHbopGYjxVNyRFM,Lost Cause,Deadbeat Graffiti,Black Pistol Fire,81ea7661d45940668478c76e755fd74f,2025-06-02T13:05:50Z,,46d1bc29cde742bfa3967ffcf7dc68f5,Yes
spotify:track:0muK9BAzu2TJXQgWPsEj6e,Separate Ways (Worlds Apart) - Bryce Miller/Alloy Tracks Remix,Separate Ways (Worlds Apart) [Bryce Miller/Alloy Tracks Remix],"Journey, Steve Perry",d9df39ebaa4148dcad17d8311666f155,2025-06-06T23:12:12Z,The never ending show with the upside-down and eleven. ,441a1940167642648723db751f1680b6,Yes
spotify:track:0tHOTQBn2M4CD2dcyHivth,Burn,The Crow Original Motion Picture Soundtrack,The Cure,4bef5cf5b9314383b6c61a18935d5f4d,2025-06-08T16:12:56Z,,441a1940167642648723db751f1680b6,Yes
spotify:track:0YwNdeDFbGP6AGwsQrtzdY,I Am A Man Of Constant Sorrow - Radio Edit,"O Brother, Where Art Thou? (Original Motion Picture Soundtrack)","The Soggy Bottom Boys, Dan Tyminski",4ad89e5b9e954a30b70342f39fb86a85,2025-06-06T22:33:13Z,,441a1940167642648723db751f1680b6,No
spotify:track:16rt65tcfDm9Mc5yXe1NJt,No Use,Dreaming Bull,Dreaming Bull,81ea7661d45940668478c76e755fd74f,2025-06-06T22:31:16Z,,441a1940167642648723db751f1680b6,Yes
spotify:track:1ewqpUUSLANb3jjc4UI8uX,Mad World,Donnie Darko (Original Motion Picture Soundtrack),"Michael Andrews, Gary Jules",e9ab942d00e14f5ba05b39991eb26919,2025-06-08T17:12:19Z,,441a1940167642648723db751f1680b6,Yes
spotify:track:1ghlpxVfPbFH2jenrv9vVw,Duel of the Fates,Star Wars: The Phantom Menace (Original Motion Picture Soundtrack),"John Williams, London Symphony Orchestra",11eed1cff5404ebe8d9a53f5e6525f72,2025-06-07T15:44:55Z,Pssshhew Vvuumm Vvvvuuummmm Ksshh Kksssshhhh KKSSSSHHH Vvuumm Vvuumm ,441a1940167642648723db751f1680b6,Yes
spotify:track:1VJ82z9vp7hvBzthdGWtNa,Bang Bang,Start Walkin' 1965-1976,Nancy Sinatra,c1464401e87d41beaf84bf2bf8164ce9,2025-06-08T04:10:02Z,,441a1940167642648723db751f1680b6,Yes
spotify:track:2Wi5ubKr8zSk8L3CLemyS4,Tank!,COWBOY BEBOP (Original Motion Picture Soundtrack),SEATBELTS,f150238d20e64ce881808ef1e9bcd177,2025-06-06T22:37:16Z,,441a1940167642648723db751f1680b6,Yes
spotify:track:2yqi7I6TrxSed1eJEoE1Ds,Rain,COWBOY BEBOP (Original Motion Picture Soundtrack),Steve Conte,ab24c78104ff4746a452998ff54bc542,2025-06-09T14:14:15Z,,441a1940167642648723db751f1680b6,Yes
spotify:track:3KkXRkHbMCARz0aVfEt68P,Sunflower - Spider-Man: Into the Spider-Verse,Spider-Man: Into the Spider-Verse (Soundtrack From & Inspired by the Motion Picture),"Post Malone, Swae Lee",2e30f2794fbd48b09ff2e9d38ecc851d,2025-06-08T16:55:09Z,,441a1940167642648723db751f1680b6,Yes
spotify:track:6u4j7iBlbnPv0QEmlpf3W8,All Along the Watchtower,Battlestar Galactica: Season 3 (Original Soundtrack) [Remastered],Bear McCreary,bf719d27a6cb439ca8b18ff0ed0d13be,2025-06-06T22:35:30Z,,441a1940167642648723db751f1680b6,No
spotify:track:7gnIOfQ05nYyHRFD7EqIbZ,Woof (feat. Kah-Lo),BREAD,"SOFI TUKKER, Kah-Lo",8fc1dc71014e405da1c76d2fc096a6d6,2025-06-08T04:23:20Z,Running Point S01E10,441a1940167642648723db751f1680b6,No
spotify:track:0VbOBom0Ya2zrlSpv7II1C,Heavy,Dosage,Collective Soul,4bef5cf5b9314383b6c61a18935d5f4d,2025-06-15T17:54:23Z,Courtesy of my mom. ,a0d4302cf5c246b0a6c2c3ac5b59c8ae,Yes
spotify:track:1Jmqubf9kGkWeYQXQKImL5,People Are Strange,Strange Days,The Doors,bf719d27a6cb439ca8b18ff0ed0d13be,2025-06-13T23:51:31Z,,a0d4302cf5c246b0a6c2c3ac5b59c8ae,No
spotify:track:3BovdzfaX4jb5KFQwoPfAw,Beat It,Thriller,Michael Jackson,11eed1cff5404ebe8d9a53f5e6525f72,2025-06-16T04:43:26Z,"When I was seven, this guitar solo made me think that I could fight god.",a0d4302cf5c246b0a6c2c3ac5b59c8ae,Yes
spotify:track:3LX9NOcE67ueOjcCTW601z,It's The End Of The World As We Know It (And I Feel Fine),Eponymous,R.E.M.,c1464401e87d41beaf84bf2bf8164ce9,2025-06-15T17:34:17Z,This video is also awesome. ,a0d4302cf5c246b0a6c2c3ac5b59c8ae,Yes
spotify:track:43btz2xjMKpcmjkuRsvxyg,Jack & Diane,American Fool,John Mellencamp,81ea7661d45940668478c76e755fd74f,2025-06-16T15:08:15Z,,a0d4302cf5c246b0a6c2c3ac5b59c8ae,Yes
spotify:track:48ZqiKc9qMhrOTMctjwYOw,The Package,Thirteenth Step,A Perfect Circle,e9ab942d00e14f5ba05b39991eb26919,2025-06-16T13:09:00Z,My Mom bought this album for her own listening but it ended up in my CD collection and is now hands down one of my favorite groups.  I would go for a catchier song on the album but I have a strong memory associated with walking into the kitchen and hearing this playing and instantly being enamored,a0d4302cf5c246b0a6c2c3ac5b59c8ae,Yes
spotify:track:5AzpZ5ADn1AFPxcEBd2Ugf,Don't Do Me Like That,Damn The Torpedoes (Deluxe Edition),Tom Petty and the Heartbreakers,8fc1dc71014e405da1c76d2fc096a6d6,2025-06-14T12:31:12Z,"Parents had a few of their CDs growing up, loved me some Tom Petty and the Heartbreakers",a0d4302cf5c246b0a6c2c3ac5b59c8ae,No
spotify:track:65eRcjlStTnk8opG5eIQ8Z,25 or 6 to 4,Chicago IX: Chicago's Greatest Hits,Chicago,f150238d20e64ce881808ef1e9bcd177,2025-06-14T00:45:01Z,,a0d4302cf5c246b0a6c2c3ac5b59c8ae,Yes
spotify:track:6G09JrmKdDAe29eSH8ZQmR,Nothin' But A Good Time,Open Up And Say . . . Ahh!,Poison,742e25ce0f1747ba8b492b19e110eb92,2025-06-13T23:56:07Z,,a0d4302cf5c246b0a6c2c3ac5b59c8ae,Yes
spotify:track:6l8GvAyoUZwWDgF1e4822w,Bohemian Rhapsody,Stone Cold Classics,Queen,2e30f2794fbd48b09ff2e9d38ecc851d,2025-06-15T15:06:33Z,,a0d4302cf5c246b0a6c2c3ac5b59c8ae,Yes
spotify:track:7ACxUo21jtTHzy7ZEV56vU,Crazy Train,Blizzard Of Ozz (40th Anniversary Expanded Edition),Ozzy Osbourne,d9df39ebaa4148dcad17d8311666f155,2025-06-15T15:20:56Z,Got my rock taste from my father. ,a0d4302cf5c246b0a6c2c3ac5b59c8ae,Yes
spotify:track:7GVvj4zJNVuBJSl6StEfn5,Only A Fool Would Say That,Can't Buy A Thrill,Steely Dan,4ad89e5b9e954a30b70342f39fb86a85,2025-06-13T22:37:13Z,,a0d4302cf5c246b0a6c2c3ac5b59c8ae,No
spotify:track:0YPDp1KIxVLTdh3vnvk6wd,C'mon C'mon,Pawn Shoppe Heart,The Von Bondies,81ea7661d45940668478c76e755fd74f,2025-06-21T10:54:03Z,,999baed07a174a14a99a7aa79e0ced08,Yes
spotify:track:11d9oUiwHuYt216EFA2tiz,Ice Ice Baby,To The Extreme,Vanilla Ice,2e30f2794fbd48b09ff2e9d38ecc851d,2025-06-23T12:48:07Z,,999baed07a174a14a99a7aa79e0ced08,Yes
spotify:track:22HYEJveCvykVDHDiEEmjZ,Tubthumping,Tubthumper,Chumbawamba,bf719d27a6cb439ca8b18ff0ed0d13be,2025-06-22T15:42:32Z,,999baed07a174a14a99a7aa79e0ced08,No
spotify:track:27L8sESb3KR79asDUBu8nW,Stacy's Mom,Welcome Interstate Managers,Fountains Of Wayne,11eed1cff5404ebe8d9a53f5e6525f72,2025-06-22T17:03:38Z,I know you know the lyrics... it is what it is...,999baed07a174a14a99a7aa79e0ced08,Yes
spotify:track:2IJftBfq7pJ43tfnOR0RB3,99 Luftballons,Nena,Nena,4ad89e5b9e954a30b70342f39fb86a85,2025-06-20T22:55:14Z,,999baed07a174a14a99a7aa79e0ced08,No
spotify:track:4wCmqSrbyCgxEXROQE6vtV,Somebody That I Used To Know,Making Mirrors,"Gotye, Kimbra",f150238d20e64ce881808ef1e9bcd177,2025-06-21T15:11:21Z,"The Spotify numbers are fake, nobody listens to this guy",999baed07a174a14a99a7aa79e0ced08,Yes
spotify:track:5267gVdYWrLoz6ClOhlqmE,Blue Monday,Candyass,Orgy,4bef5cf5b9314383b6c61a18935d5f4d,2025-06-22T14:52:22Z,,999baed07a174a14a99a7aa79e0ced08,Yes
spotify:track:5HOpkTTVcmZHnthgyxrIL8,The Fox (What Does the Fox Say?),The Fox (What Does the Fox Say?),Ylvis,e9ab942d00e14f5ba05b39991eb26919,2025-06-23T02:51:07Z,I’m sorry,999baed07a174a14a99a7aa79e0ced08,Yes
spotify:track:6JH9yWhgbm0y9iAJhCslNc,Handlebars,Fight With Tools,Flobots,d9df39ebaa4148dcad17d8311666f155,2025-06-21T17:12:19Z,,999baed07a174a14a99a7aa79e0ced08,Yes
spotify:track:6x4tKaOzfNJpEJHySoiJcs,Mambo No. 5 (a Little Bit of...),A Little Bit of Mambo,Lou Bega,8fc1dc71014e405da1c76d2fc096a6d6,2025-06-21T18:25:01Z,,999baed07a174a14a99a7aa79e0ced08,No
spotify:track:0tSYdqkKyR82eJMzV1mqb3,Human,Human,Vahtang beatbox,4ad89e5b9e954a30b70342f39fb86a85,2025-06-27T22:31:57Z,There are no instruments and it's all one guy beatboxing,6f25c1bb6f2945738d14e242e3ce3fc3,Yes
spotify:track:1DeqJiA7MvVzurLWyQmOyh,WOULDYOUWAITFORME,YOUR LIGHT FADES AWAY,Moodring,4bef5cf5b9314383b6c61a18935d5f4d,2025-06-28T20:35:12Z,,6f25c1bb6f2945738d14e242e3ce3fc3,Yes
spotify:track:1IdJzfAHivOqqxrKJV7vPc,How To Hide A Body,How To Hide A Body,Daisy Grenade,2e30f2794fbd48b09ff2e9d38ecc851d,2025-06-28T18:48:36Z,✨⚰️✨,6f25c1bb6f2945738d14e242e3ce3fc3,Yes
spotify:track:23crIHXj6RB4vPJAUKH83C,Westside,ME2YOU,Grisha,8fc1dc71014e405da1c76d2fc096a6d6,2025-06-28T11:36:49Z,,6f25c1bb6f2945738d14e242e3ce3fc3,No
spotify:track:2hPJoDkYIFIBMpQWh3cLAo,Nightvisions,Flower of the soul,Liana Flores,f150238d20e64ce881808ef1e9bcd177,2025-06-30T12:53:51Z,> Was bestowed human form in exchange for these songs (previously was a tree),6f25c1bb6f2945738d14e242e3ce3fc3,Yes
spotify:track:4hmxUxMQ7UTcg0rCy0CirS,In The Clouds,Under The Influence Of Giants,Under The Influence of Giants,d9df39ebaa4148dcad17d8311666f155,2025-06-30T15:00:40Z,I randomly found this band years ago and I'd say its like headbanging disco. Love them. ,6f25c1bb6f2945738d14e242e3ce3fc3,Yes
spotify:track:56dwoc1e9980fCRjxVz161,Wrong,Closing Time,Erland & The Carnival,c1464401e87d41beaf84bf2bf8164ce9,2025-06-30T14:29:10Z,,6f25c1bb6f2945738d14e242e3ce3fc3,Yes
spotify:track:5IMtGteGfK0oXZ6euQPQNx,Clowne Towne,Fabulous Muscles,Xiu Xiu,ab24c78104ff4746a452998ff54bc542,2025-06-30T14:06:44Z,,6f25c1bb6f2945738d14e242e3ce3fc3,Yes
spotify:track:7f3rXwz1rYE489aNmvRHBR,Send Me a Postcard,"Die Pretty, Vol. 1 - EP",Lea Lea,81ea7661d45940668478c76e755fd74f,2025-06-27T22:31:33Z,,6f25c1bb6f2945738d14e242e3ce3fc3,Yes
spotify:track:7IjPCVJhFSducOktv9ERR4,Hellion,Sounds + Haptics,BANTAMWEIGHT,e9ab942d00e14f5ba05b39991eb26919,2025-06-30T11:10:10Z,,6f25c1bb6f2945738d14e242e3ce3fc3,Yes
spotify:track:7Llq67FD3k9zuEZDGOjHYS,Metro,Fear In The Water,The Vincent Black Shadow,bf719d27a6cb439ca8b18ff0ed0d13be,2025-06-30T13:27:54Z,"Old song. I don't think this band even exists anymore, but I don't think many have heard of them and I enjoyed this album ""back in the day.""",6f25c1bb6f2945738d14e242e3ce3fc3,Yes
